,Id,Game Date,Game Time,Stat Type,Player Name,Player Team,Opp,Line Score,Player Id,Team Id,Player URL,Team URL,Opp URL,Actual,Chance %,Edge,Prediction,C/W/N
40,3245390,2024-10-30,0 days,MAPS 3 Kills,Chr1zn,OG,9INE,14.5,206557.0,23968.0,https://www.hltv.org/stats/players/21983/chr1zn,https://www.hltv.org/stats/teams/10503/og,https://www.hltv.org/stats/teams/10278/9ine,15.0,0.45454545454545453,-0.04545454545454547,U,C
41,3245391,2024-10-30,0 days,MAPS 3 Kills,F1KU,OG,9INE,15.5,169109.0,23968.0,https://www.hltv.org/stats/players/19044/f1ku,https://www.hltv.org/stats/teams/10503/og,https://www.hltv.org/stats/teams/10278/9ine,10.0,0.4074074074074074,-0.09259259259259262,U,W
42,3245392,2024-10-30,0 days,MAPS 3 Kills,MoDo,OG,9INE,14.0,168562.0,23968.0,https://www.hltv.org/stats/players/21113/modo,https://www.hltv.org/stats/teams/10503/og,https://www.hltv.org/stats/teams/10278/9ine,20.0,0.45161290322580644,-0.04838709677419356,U,C
43,3245393,2024-10-30,0 days,MAPS 3 Kills,Buzz,OG,9INE,15.5,206559.0,23968.0,https://www.hltv.org/stats/players/20941/buzz,https://www.hltv.org/stats/teams/10503/og,https://www.hltv.org/stats/teams/10278/9ine,14.0,0.3333333333333333,-0.16666666666666669,U,W
44,3245394,2024-10-30,0 days,MAPS 3 Kills,M1key,OG,9INE,15.0,221874.0,23968.0,https://www.hltv.org/stats/players/21165/m1key,https://www.hltv.org/stats/teams/10503/og,https://www.hltv.org/stats/teams/10278/9ine,13.0,0.39285714285714285,-0.10714285714285715,U,W
45,3245395,2024-10-30,0 days,MAPS 3 Kills,raalz,9INE,OG,13.0,199053.0,23596.0,https://www.hltv.org/stats/players/2898/raalz,https://www.hltv.org/stats/teams/10278/9ine,https://www.hltv.org/stats/teams/10503/og,11.0,0.6470588235294118,0.1470588235294118,O,C
46,3245396,2024-10-30,0 days,MAPS 3 Kills,s0und,9INE,OG,15.5,224517.0,23596.0,https://www.hltv.org/stats/players/19817/s0und,https://www.hltv.org/stats/teams/10278/9ine,https://www.hltv.org/stats/teams/10503/og,19.0,0.6222222222222222,0.12222222222222223,O,W
47,3245397,2024-10-30,0 days,MAPS 3 Kills,mantuu,9INE,OG,15.5,199054.0,23596.0,https://www.hltv.org/stats/players/10981/mantuu,https://www.hltv.org/stats/teams/10278/9ine,https://www.hltv.org/stats/teams/10503/og,15.0,0.5625,0.0625,O,C
48,3245398,2024-10-30,0 days,MAPS 3 Kills,refrezh,9INE,OG,14.5,,23596.0,https://www.hltv.org/stats/players/10610/refrezh,https://www.hltv.org/stats/teams/10278/9ine,https://www.hltv.org/stats/teams/10503/og,16.0,0.5,0.0,N,C
49,3245399,2024-10-30,0 days,MAPS 3 Kills,misutaaa,9INE,OG,15.0,,23596.0,https://www.hltv.org/stats/players/14176/misutaaa,https://www.hltv.org/stats/teams/10278/9ine,https://www.hltv.org/stats/teams/10503/og,28.0,0.6176470588235294,0.11764705882352944,O,W
50,3245400,2024-10-30,0 days,MAPS 3 Headshots,Chr1zn,OG,9INE,8.0,206557.0,23968.0,https://www.hltv.org/stats/players/21983/chr1zn,https://www.hltv.org/stats/teams/10503/og,https://www.hltv.org/stats/teams/10278/9ine,12.0,0.6545454545454545,0.15454545454545454,O,W
51,3245401,2024-10-30,0 days,MAPS 3 Headshots,F1KU,OG,9INE,9.5,169109.0,23968.0,https://www.hltv.org/stats/players/19044/f1ku,https://www.hltv.org/stats/teams/10503/og,https://www.hltv.org/stats/teams/10278/9ine,6.0,0.37037037037037035,-0.12962962962962965,U,W
52,3245402,2024-10-30,0 days,MAPS 3 Headshots,MoDo,OG,9INE,5.0,168562.0,23968.0,https://www.hltv.org/stats/players/21113/modo,https://www.hltv.org/stats/teams/10503/og,https://www.hltv.org/stats/teams/10278/9ine,5.0,0.5161290322580645,0.016129032258064502,O,C
53,3245403,2024-10-30,0 days,MAPS 3 Headshots,Buzz,OG,9INE,8.5,206559.0,23968.0,https://www.hltv.org/stats/players/20941/buzz,https://www.hltv.org/stats/teams/10503/og,https://www.hltv.org/stats/teams/10278/9ine,10.0,0.2777777777777778,-0.2222222222222222,U,C
54,3245404,2024-10-30,0 days,MAPS 3 Headshots,M1key,OG,9INE,7.0,221874.0,23968.0,https://www.hltv.org/stats/players/21165/m1key,https://www.hltv.org/stats/teams/10503/og,https://www.hltv.org/stats/teams/10278/9ine,8.0,0.4642857142857143,-0.0357142857142857,U,C
55,3245405,2024-10-30,0 days,MAPS 3 Headshots,raalz,9INE,OG,8.0,199053.0,23596.0,https://www.hltv.org/stats/players/2898/raalz,https://www.hltv.org/stats/teams/10278/9ine,https://www.hltv.org/stats/teams/10503/og,8.0,0.5588235294117647,0.05882352941176472,O,C
56,3245406,2024-10-30,0 days,MAPS 3 Headshots,s0und,9INE,OG,10.5,224517.0,23596.0,https://www.hltv.org/stats/players/19817/s0und,https://www.hltv.org/stats/teams/10278/9ine,https://www.hltv.org/stats/teams/10503/og,11.0,0.6,0.09999999999999998,O,W
57,3245407,2024-10-30,0 days,MAPS 3 Headshots,mantuu,9INE,OG,5.0,199054.0,23596.0,https://www.hltv.org/stats/players/10981/mantuu,https://www.hltv.org/stats/teams/10278/9ine,https://www.hltv.org/stats/teams/10503/og,6.0,0.46875,-0.03125,U,C
58,3245408,2024-10-30,0 days,MAPS 3 Headshots,refrezh,9INE,OG,7.0,,23596.0,https://www.hltv.org/stats/players/10610/refrezh,https://www.hltv.org/stats/teams/10278/9ine,https://www.hltv.org/stats/teams/10503/og,10.0,0.72,0.21999999999999997,O,W
59,3245409,2024-10-30,0 days,MAPS 3 Headshots,misutaaa,9INE,OG,8.5,,23596.0,https://www.hltv.org/stats/players/14176/misutaaa,https://www.hltv.org/stats/teams/10278/9ine,https://www.hltv.org/stats/teams/10503/og,22.0,0.4411764705882353,-0.05882352941176472,U,C
60,3245410,2024-10-30,0 days,MAPS 3 Kills,bluewh1te,Aurora Young Blud,ECLOT,13.5,225065.0,,https://www.hltv.org/stats/players/23302/bluewh1te,https://www.hltv.org/stats/teams/12366/aurora-young-blud,https://www.hltv.org/stats/teams/7441/eclot,13.0,0.4838709677419355,-0.016129032258064502,U,C
61,3245411,2024-10-30,0 days,MAPS 3 Kills,m1QUSE,Aurora Young Blud,ECLOT,13.0,225066.0,,https://www.hltv.org/stats/players/22880/m1quse,https://www.hltv.org/stats/teams/12366/aurora-young-blud,https://www.hltv.org/stats/teams/7441/eclot,3.0,0.5,0.0,N,C
62,3245412,2024-10-30,0 days,MAPS 3 Kills,bl1x1,Aurora Young Blud,ECLOT,14.5,224514.0,,https://www.hltv.org/stats/players/22803/bl1x1,https://www.hltv.org/stats/teams/12366/aurora-young-blud,https://www.hltv.org/stats/teams/7441/eclot,7.0,0.40625,-0.09375,U,W
63,3245413,2024-10-30,0 days,MAPS 3 Kills,VILBy,Aurora Young Blud,ECLOT,13.5,225067.0,,https://www.hltv.org/stats/players/23193/vilby,https://www.hltv.org/stats/teams/12366/aurora-young-blud,https://www.hltv.org/stats/teams/7441/eclot,2.0,0.5161290322580645,0.016129032258064502,O,C
64,3245414,2024-10-30,0 days,MAPS 3 Kills,gr1ks,Aurora Young Blud,ECLOT,16.0,221533.0,,https://www.hltv.org/stats/players/22884/gr1ks,https://www.hltv.org/stats/teams/12366/aurora-young-blud,https://www.hltv.org/stats/teams/7441/eclot,8.0,0.5666666666666667,0.06666666666666665,O,C
65,3245415,2024-10-30,0 days,MAPS 3 Kills,kreaz,ECLOT,Aurora Young Blud,14.5,,23753.0,https://www.hltv.org/stats/players/9911/kreaz,https://www.hltv.org/stats/teams/7441/eclot,https://www.hltv.org/stats/teams/12366/aurora-young-blud,15.0,0.2641509433962264,-0.2358490566037736,U,C
66,3245416,2024-10-30,0 days,MAPS 3 Kills,nbqq,ECLOT,Aurora Young Blud,15.0,221910.0,23753.0,https://www.hltv.org/stats/players/19594/nbqq,https://www.hltv.org/stats/teams/7441/eclot,https://www.hltv.org/stats/teams/12366/aurora-young-blud,12.0,0.5094339622641509,0.009433962264150941,O,C
67,3245417,2024-10-30,0 days,MAPS 3 Kills,forsyy,ECLOT,Aurora Young Blud,15.5,168429.0,23753.0,https://www.hltv.org/stats/players/19069/forsyy,https://www.hltv.org/stats/teams/7441/eclot,https://www.hltv.org/stats/teams/12366/aurora-young-blud,14.0,0.46296296296296297,-0.037037037037037035,U,C
68,3245418,2024-10-30,0 days,MAPS 3 Kills,Dytor,ECLOT,Aurora Young Blud,15.5,167681.0,23753.0,https://www.hltv.org/stats/players/19815/dytor,https://www.hltv.org/stats/teams/7441/eclot,https://www.hltv.org/stats/teams/12366/aurora-young-blud,12.0,0.4528301886792453,-0.047169811320754707,U,C
69,3245419,2024-10-30,0 days,MAPS 3 Kills,Blytz,ECLOT,Aurora Young Blud,16.0,,23753.0,https://www.hltv.org/stats/players/12945/blytz,https://www.hltv.org/stats/teams/7441/eclot,https://www.hltv.org/stats/teams/12366/aurora-young-blud,17.0,0.5918367346938775,0.09183673469387754,O,W
70,3245420,2024-10-30,0 days,MAPS 3 Headshots,bluewh1te,Aurora Young Blud,ECLOT,7.5,225065.0,,https://www.hltv.org/stats/players/23302/bluewh1te,https://www.hltv.org/stats/teams/12366/aurora-young-blud,https://www.hltv.org/stats/teams/7441/eclot,10.0,0.5161290322580645,0.016129032258064502,O,C
71,3245421,2024-10-30,0 days,MAPS 3 Headshots,m1QUSE,Aurora Young Blud,ECLOT,6.0,225066.0,,https://www.hltv.org/stats/players/22880/m1quse,https://www.hltv.org/stats/teams/12366/aurora-young-blud,https://www.hltv.org/stats/teams/7441/eclot,2.0,0.6,0.09999999999999998,O,C
72,3245422,2024-10-30,0 days,MAPS 3 Headshots,bl1x1,Aurora Young Blud,ECLOT,8.5,224514.0,,https://www.hltv.org/stats/players/22803/bl1x1,https://www.hltv.org/stats/teams/12366/aurora-young-blud,https://www.hltv.org/stats/teams/7441/eclot,5.0,0.40625,-0.09375,U,W
73,3245423,2024-10-30,0 days,MAPS 3 Headshots,VILBy,Aurora Young Blud,ECLOT,6.5,225067.0,,https://www.hltv.org/stats/players/23193/vilby,https://www.hltv.org/stats/teams/12366/aurora-young-blud,https://www.hltv.org/stats/teams/7441/eclot,2.0,0.3548387096774194,-0.14516129032258063,U,W
74,3245424,2024-10-30,0 days,MAPS 3 Headshots,gr1ks,Aurora Young Blud,ECLOT,5.0,221533.0,,https://www.hltv.org/stats/players/22884/gr1ks,https://www.hltv.org/stats/teams/12366/aurora-young-blud,https://www.hltv.org/stats/teams/7441/eclot,2.0,0.7,0.19999999999999996,O,C
75,3245425,2024-10-30,0 days,MAPS 3 Headshots,kreaz,ECLOT,Aurora Young Blud,6.5,,23753.0,https://www.hltv.org/stats/players/9911/kreaz,https://www.hltv.org/stats/teams/7441/eclot,https://www.hltv.org/stats/teams/12366/aurora-young-blud,5.0,0.4339622641509434,-0.06603773584905659,U,W
76,3245426,2024-10-30,0 days,MAPS 3 Headshots,nbqq,ECLOT,Aurora Young Blud,7.5,221910.0,23753.0,https://www.hltv.org/stats/players/19594/nbqq,https://www.hltv.org/stats/teams/7441/eclot,https://www.hltv.org/stats/teams/12366/aurora-young-blud,7.0,0.4716981132075472,-0.028301886792452824,U,C
77,3245427,2024-10-30,0 days,MAPS 3 Headshots,forsyy,ECLOT,Aurora Young Blud,4.5,168429.0,23753.0,https://www.hltv.org/stats/players/19069/forsyy,https://www.hltv.org/stats/teams/7441/eclot,https://www.hltv.org/stats/teams/12366/aurora-young-blud,6.0,0.46296296296296297,-0.037037037037037035,U,C
78,3245428,2024-10-30,0 days,MAPS 3 Headshots,Dytor,ECLOT,Aurora Young Blud,8.0,167681.0,23753.0,https://www.hltv.org/stats/players/19815/dytor,https://www.hltv.org/stats/teams/7441/eclot,https://www.hltv.org/stats/teams/12366/aurora-young-blud,2.0,0.4339622641509434,-0.06603773584905659,U,W
79,3245429,2024-10-30,0 days,MAPS 3 Headshots,Blytz,ECLOT,Aurora Young Blud,8.5,,23753.0,https://www.hltv.org/stats/players/12945/blytz,https://www.hltv.org/stats/teams/7441/eclot,https://www.hltv.org/stats/teams/12366/aurora-young-blud,12.0,0.5918367346938775,0.09183673469387754,O,W
100,3245482,2024-10-30,0 days,MAPS 3 Kills,Sdaim,GUN5,Into The Breach,15.0,207062.0,29818.0,https://www.hltv.org/stats/players/23047/sdaim,https://www.hltv.org/stats/teams/12471/gun5,https://www.hltv.org/stats/teams/11164/into-the-breach,14.0,0.4864864864864865,-0.013513513513513487,U,C
101,3245483,2024-10-30,0 days,MAPS 3 Kills,xiELO-,GUN5,Into The Breach,17.0,,29818.0,https://www.hltv.org/stats/players/22471/xielo,https://www.hltv.org/stats/teams/12471/gun5,https://www.hltv.org/stats/teams/11164/into-the-breach,26.0,0.41935483870967744,-0.08064516129032256,U,C
102,3245484,2024-10-30,0 days,MAPS 3 Kills,easy,GUN5,Into The Breach,13.5,197517.0,29818.0,https://www.hltv.org/stats/players/23360/easy,https://www.hltv.org/stats/teams/12471/gun5,https://www.hltv.org/stats/teams/11164/into-the-breach,28.0,0.5,0.0,N,C
103,3245485,2024-10-30,0 days,MAPS 3 Kills,SELLTER,GUN5,Into The Breach,13.0,197516.0,29818.0,https://www.hltv.org/stats/players/18670/sellter,https://www.hltv.org/stats/teams/12471/gun5,https://www.hltv.org/stats/teams/11164/into-the-breach,8.0,0.6041666666666666,0.10416666666666663,O,C
104,3245486,2024-10-30,0 days,MAPS 3 Kills,tN1R,GUN5,Into The Breach,17.0,224277.0,29818.0,https://www.hltv.org/stats/players/19808/tn1r,https://www.hltv.org/stats/teams/12471/gun5,https://www.hltv.org/stats/teams/11164/into-the-breach,21.0,0.3191489361702128,-0.18085106382978722,U,C
105,3245487,2024-10-30,0 days,MAPS 3 Kills,juanflatroo,Into The Breach,GUN5,15.0,228129.0,,https://www.hltv.org/stats/players/17147/juanflatroo,https://www.hltv.org/stats/teams/11164/into-the-breach,https://www.hltv.org/stats/teams/12471/gun5,25.0,0.4864864864864865,-0.013513513513513487,U,C
106,3245488,2024-10-30,0 days,MAPS 3 Kills,Keoz,Into The Breach,GUN5,13.5,226509.0,,https://www.hltv.org/stats/players/15117/keoz,https://www.hltv.org/stats/teams/11164/into-the-breach,https://www.hltv.org/stats/teams/12471/gun5,22.0,0.3076923076923077,-0.1923076923076923,U,C
107,3245489,2024-10-30,0 days,MAPS 3 Kills,sinnopsyy,Into The Breach,GUN5,14.0,226510.0,,https://www.hltv.org/stats/players/18120/sinnopsyy,https://www.hltv.org/stats/teams/11164/into-the-breach,https://www.hltv.org/stats/teams/12471/gun5,17.0,0.5135135135135135,0.013513513513513487,O,C
108,3245490,2024-10-30,0 days,MAPS 3 Kills,smooya,Into The Breach,GUN5,15.5,226511.0,,https://www.hltv.org/stats/players/11271/smooya,https://www.hltv.org/stats/teams/11164/into-the-breach,https://www.hltv.org/stats/teams/12471/gun5,27.0,0.625,0.125,O,W
109,3245491,2024-10-30,0 days,MAPS 3 Kills,REDSTAR,Into The Breach,GUN5,14.5,226512.0,,https://www.hltv.org/stats/players/15369/redstar,https://www.hltv.org/stats/teams/11164/into-the-breach,https://www.hltv.org/stats/teams/12471/gun5,15.0,0.6818181818181818,0.18181818181818177,O,W
110,3245509,2024-10-30,0 days,MAPS 3 Headshots,Sdaim,GUN5,Into The Breach,9.0,207062.0,29818.0,https://www.hltv.org/stats/players/23047/sdaim,https://www.hltv.org/stats/teams/12471/gun5,https://www.hltv.org/stats/teams/11164/into-the-breach,8.0,0.40540540540540543,-0.09459459459459457,U,W
111,3245510,2024-10-30,0 days,MAPS 3 Headshots,xiELO-,GUN5,Into The Breach,10.0,,29818.0,https://www.hltv.org/stats/players/22471/xielo,https://www.hltv.org/stats/teams/12471/gun5,https://www.hltv.org/stats/teams/11164/into-the-breach,14.0,0.5161290322580645,0.016129032258064502,O,C
112,3245511,2024-10-30,0 days,MAPS 3 Headshots,easy,GUN5,Into The Breach,4.5,197517.0,29818.0,https://www.hltv.org/stats/players/23360/easy,https://www.hltv.org/stats/teams/12471/gun5,https://www.hltv.org/stats/teams/11164/into-the-breach,7.0,0.375,-0.125,U,C
113,3245513,2024-10-30,0 days,MAPS 3 Headshots,SELLTER,GUN5,Into The Breach,7.0,197516.0,29818.0,https://www.hltv.org/stats/players/18670/sellter,https://www.hltv.org/stats/teams/12471/gun5,https://www.hltv.org/stats/teams/11164/into-the-breach,2.0,0.5,0.0,N,C
114,3245514,2024-10-30,0 days,MAPS 3 Headshots,tN1R,GUN5,Into The Breach,9.5,224277.0,29818.0,https://www.hltv.org/stats/players/19808/tn1r,https://www.hltv.org/stats/teams/12471/gun5,https://www.hltv.org/stats/teams/11164/into-the-breach,10.0,0.3404255319148936,-0.1595744680851064,U,C
115,3245515,2024-10-30,0 days,MAPS 3 Headshots,juanflatroo,Into The Breach,GUN5,8.5,228129.0,,https://www.hltv.org/stats/players/17147/juanflatroo,https://www.hltv.org/stats/teams/11164/into-the-breach,https://www.hltv.org/stats/teams/12471/gun5,12.0,0.4594594594594595,-0.040540540540540515,U,C
116,3245516,2024-10-30,0 days,MAPS 3 Headshots,Keoz,Into The Breach,GUN5,8.0,226509.0,,https://www.hltv.org/stats/players/15117/keoz,https://www.hltv.org/stats/teams/11164/into-the-breach,https://www.hltv.org/stats/teams/12471/gun5,14.0,0.46153846153846156,-0.038461538461538436,U,C
117,3245517,2024-10-30,0 days,MAPS 3 Headshots,sinnopsyy,Into The Breach,GUN5,8.0,226510.0,,https://www.hltv.org/stats/players/18120/sinnopsyy,https://www.hltv.org/stats/teams/11164/into-the-breach,https://www.hltv.org/stats/teams/12471/gun5,10.0,0.5945945945945946,0.09459459459459463,O,W
118,3245518,2024-10-30,0 days,MAPS 3 Headshots,smooya,Into The Breach,GUN5,4.5,226511.0,,https://www.hltv.org/stats/players/11271/smooya,https://www.hltv.org/stats/teams/11164/into-the-breach,https://www.hltv.org/stats/teams/12471/gun5,7.0,0.7916666666666666,0.29166666666666663,O,W
119,3245519,2024-10-30,0 days,MAPS 3 Headshots,REDSTAR,Into The Breach,GUN5,8.0,226512.0,,https://www.hltv.org/stats/players/15369/redstar,https://www.hltv.org/stats/teams/11164/into-the-breach,https://www.hltv.org/stats/teams/12471/gun5,7.0,0.6818181818181818,0.18181818181818177,O,C
140,3245673,2024-10-30,0 days,MAPS 3 Kills,Snax,G2 Esports,Team Liquid,10.5,202915.0,,https://www.hltv.org/stats/players/2553/snax,https://www.hltv.org/stats/teams/5995/g2,https://www.hltv.org/stats/teams/5973/liquid,8.0,0.6071428571428571,0.1071428571428571,O,C
141,3245674,2024-10-30,0 days,MAPS 3 Kills,malbsMd,G2 Esports,Team Liquid,15.5,202914.0,,https://www.hltv.org/stats/players/11617/malbsmd,https://www.hltv.org/stats/teams/5995/g2,https://www.hltv.org/stats/teams/5973/liquid,15.0,0.6206896551724138,0.12068965517241381,O,C
142,3245675,2024-10-30,0 days,MAPS 3 Kills,NiKo,G2 Esports,Team Liquid,15.5,224429.0,,https://www.hltv.org/stats/players/3741/niko,https://www.hltv.org/stats/teams/5995/g2,https://www.hltv.org/stats/teams/5973/liquid,16.0,0.2962962962962963,-0.20370370370370372,U,C
143,3245676,2024-10-30,0 days,MAPS 3 Kills,m0NESY,G2 Esports,Team Liquid,17.0,168733.0,,https://www.hltv.org/stats/players/19230/m0nesy,https://www.hltv.org/stats/teams/5995/g2,https://www.hltv.org/stats/teams/5973/liquid,22.0,0.5384615384615384,0.038461538461538436,O,C
144,3245677,2024-10-30,0 days,MAPS 3 Kills,huNter,G2 Esports,Team Liquid,13.5,,,https://www.hltv.org/stats/players/3972/hunter,https://www.hltv.org/stats/teams/5995/g2,https://www.hltv.org/stats/teams/5973/liquid,11.0,0.48148148148148145,-0.018518518518518545,U,C
145,3245678,2024-10-30,0 days,MAPS 3 Kills,jks,Team Liquid,G2 Esports,13.5,205034.0,,https://www.hltv.org/stats/players/4679/jks,https://www.hltv.org/stats/teams/5973/liquid,https://www.hltv.org/stats/teams/5995/g2,9.0,0.4444444444444444,-0.05555555555555558,U,W
146,3245679,2024-10-30,0 days,MAPS 3 Kills,NAF,Team Liquid,G2 Esports,14.5,169193.0,,https://www.hltv.org/stats/players/8520/naf,https://www.hltv.org/stats/teams/5973/liquid,https://www.hltv.org/stats/teams/5995/g2,14.0,0.5555555555555556,0.05555555555555558,O,C
147,3245680,2024-10-30,0 days,MAPS 3 Kills,ultimate,Team Liquid,G2 Esports,15.5,205033.0,,https://www.hltv.org/stats/players/21763/ultimate,https://www.hltv.org/stats/teams/5973/liquid,https://www.hltv.org/stats/teams/5995/g2,5.0,0.5238095238095238,0.023809523809523836,O,C
148,3245681,2024-10-30,0 days,MAPS 3 Kills,Twistzz,Team Liquid,G2 Esports,14.5,169194.0,,https://www.hltv.org/stats/players/10394/twistzz,https://www.hltv.org/stats/teams/5973/liquid,https://www.hltv.org/stats/teams/5995/g2,17.0,0.5185185185185185,0.01851851851851849,O,C
149,3245682,2024-10-30,0 days,MAPS 3 Kills,YEKINDAR,Team Liquid,G2 Esports,13.0,,,https://www.hltv.org/stats/players/13915/yekindar,https://www.hltv.org/stats/teams/5973/liquid,https://www.hltv.org/stats/teams/5995/g2,11.0,0.5555555555555556,0.05555555555555558,O,C
150,3245683,2024-10-30,0 days,MAPS 3 Headshots,Snax,G2 Esports,Team Liquid,5.0,202915.0,,https://www.hltv.org/stats/players/2553/snax,https://www.hltv.org/stats/teams/5995/g2,https://www.hltv.org/stats/teams/5973/liquid,5.0,0.6785714285714286,0.1785714285714286,O,C
151,3245684,2024-10-30,0 days,MAPS 3 Headshots,malbsMd,G2 Esports,Team Liquid,10.0,202914.0,,https://www.hltv.org/stats/players/11617/malbsmd,https://www.hltv.org/stats/teams/5995/g2,https://www.hltv.org/stats/teams/5973/liquid,11.0,0.6206896551724138,0.12068965517241381,O,W
152,3245685,2024-10-30,0 days,MAPS 3 Headshots,NiKo,G2 Esports,Team Liquid,8.5,224429.0,,https://www.hltv.org/stats/players/3741/niko,https://www.hltv.org/stats/teams/5995/g2,https://www.hltv.org/stats/teams/5973/liquid,6.0,0.48148148148148145,-0.018518518518518545,U,C
153,3245686,2024-10-30,0 days,MAPS 3 Headshots,m0NESY,G2 Esports,Team Liquid,6.5,168733.0,,https://www.hltv.org/stats/players/19230/m0nesy,https://www.hltv.org/stats/teams/5995/g2,https://www.hltv.org/stats/teams/5973/liquid,6.0,0.5769230769230769,0.07692307692307687,O,C
154,3245687,2024-10-30,0 days,MAPS 3 Headshots,huNter,G2 Esports,Team Liquid,6.5,,,https://www.hltv.org/stats/players/3972/hunter,https://www.hltv.org/stats/teams/5995/g2,https://www.hltv.org/stats/teams/5973/liquid,3.0,0.4074074074074074,-0.09259259259259262,U,W
155,3245688,2024-10-30,0 days,MAPS 3 Headshots,jks,Team Liquid,G2 Esports,7.5,205034.0,,https://www.hltv.org/stats/players/4679/jks,https://www.hltv.org/stats/teams/5973/liquid,https://www.hltv.org/stats/teams/5995/g2,5.0,0.5555555555555556,0.05555555555555558,O,C
156,3245689,2024-10-30,0 days,MAPS 3 Headshots,NAF,Team Liquid,G2 Esports,7.5,169193.0,,https://www.hltv.org/stats/players/8520/naf,https://www.hltv.org/stats/teams/5973/liquid,https://www.hltv.org/stats/teams/5995/g2,4.0,0.5185185185185185,0.01851851851851849,O,C
157,3245690,2024-10-30,0 days,MAPS 3 Headshots,ultimate,Team Liquid,G2 Esports,5.5,205033.0,,https://www.hltv.org/stats/players/21763/ultimate,https://www.hltv.org/stats/teams/5973/liquid,https://www.hltv.org/stats/teams/5995/g2,1.0,0.6190476190476191,0.11904761904761907,O,C
158,3245691,2024-10-30,0 days,MAPS 3 Headshots,Twistzz,Team Liquid,G2 Esports,8.5,169194.0,,https://www.hltv.org/stats/players/10394/twistzz,https://www.hltv.org/stats/teams/5973/liquid,https://www.hltv.org/stats/teams/5995/g2,14.0,0.5185185185185185,0.01851851851851849,O,C
159,3245692,2024-10-30,0 days,MAPS 3 Headshots,YEKINDAR,Team Liquid,G2 Esports,7.5,,,https://www.hltv.org/stats/players/13915/yekindar,https://www.hltv.org/stats/teams/5973/liquid,https://www.hltv.org/stats/teams/5995/g2,9.0,0.5925925925925926,0.09259259259259256,O,W
160,3245996,2024-10-30,0 days,MAPS 1-2 Kills,shalfey,9 Pandas,Johnny Speeds ,30.0,198802.0,23590.0,https://www.hltv.org/stats/players/17011/shalfey,https://www.hltv.org/stats/teams/11883/9-pandas,https://www.hltv.org/stats/teams/12604/johnny-speeds,29.0,0.5205479452054794,0.020547945205479423,O,C
161,3245997,2024-10-30,0 days,MAPS 1-2 Kills,d1Ledez,9 Pandas,Johnny Speeds ,32.5,168440.0,23590.0,https://www.hltv.org/stats/players/20357/d1ledez,https://www.hltv.org/stats/teams/11883/9-pandas,https://www.hltv.org/stats/teams/12604/johnny-speeds,32.0,0.35294117647058826,-0.14705882352941174,U,W
162,3245998,2024-10-30,0 days,MAPS 1-2 Kills,glowiing,9 Pandas,Johnny Speeds ,29.5,224513.0,23590.0,https://www.hltv.org/stats/players/17508/glowiing,https://www.hltv.org/stats/teams/11883/9-pandas,https://www.hltv.org/stats/teams/12604/johnny-speeds,23.0,0.4823529411764706,-0.017647058823529405,U,C
163,3245999,2024-10-30,0 days,MAPS 1-2 Kills,iDISBALANCE,9 Pandas,Johnny Speeds ,28.5,227721.0,23590.0,https://www.hltv.org/stats/players/14273/idisbalance,https://www.hltv.org/stats/teams/11883/9-pandas,https://www.hltv.org/stats/teams/12604/johnny-speeds,25.0,0.4588235294117647,-0.041176470588235314,U,C
164,3246000,2024-10-30,0 days,MAPS 1-2 Kills,r3salt,9 Pandas,Johnny Speeds ,31.5,207721.0,23590.0,https://www.hltv.org/stats/players/20709/r3salt,https://www.hltv.org/stats/teams/11883/9-pandas,https://www.hltv.org/stats/teams/12604/johnny-speeds,50.0,0.43478260869565216,-0.06521739130434784,U,C
165,3246001,2024-10-30,0 days,MAPS 1-2 Kills,hampus,Johnny Speeds,9 Pandas ,30.5,224435.0,29945.0,https://www.hltv.org/stats/players/9766/hampus,https://www.hltv.org/stats/teams/12604/johnny-speeds,https://www.hltv.org/stats/teams/11883/9-pandas,29.0,0.5188679245283019,0.018867924528301883,O,C
166,3246002,2024-10-30,0 days,MAPS 1-2 Kills,draken,Johnny Speeds,9 Pandas ,30.0,193470.0,29945.0,https://www.hltv.org/stats/players/9255/draken,https://www.hltv.org/stats/teams/12604/johnny-speeds,https://www.hltv.org/stats/teams/11883/9-pandas,27.0,0.5662650602409639,0.0662650602409639,O,C
167,3246003,2024-10-30,0 days,MAPS 1-2 Kills,spooke,Johnny Speeds,9 Pandas ,33.0,224519.0,29945.0,https://www.hltv.org/stats/players/19064/spooke,https://www.hltv.org/stats/teams/12604/johnny-speeds,https://www.hltv.org/stats/teams/11883/9-pandas,17.0,0.6046511627906976,0.10465116279069764,O,C
168,3246004,2024-10-30,0 days,MAPS 1-2 Kills,bobeksde,Johnny Speeds,9 Pandas ,30.0,221088.0,29945.0,https://www.hltv.org/stats/players/21159/bobeksde,https://www.hltv.org/stats/teams/12604/johnny-speeds,https://www.hltv.org/stats/teams/11883/9-pandas,21.0,0.5421686746987951,0.04216867469879515,O,C
169,3246005,2024-10-30,0 days,MAPS 1-2 Kills,Ro1f,Johnny Speeds,9 Pandas ,25.5,193466.0,29945.0,https://www.hltv.org/stats/players/21012/ro1f,https://www.hltv.org/stats/teams/12604/johnny-speeds,https://www.hltv.org/stats/teams/11883/9-pandas,21.0,0.5421686746987951,0.04216867469879515,O,C
170,3246006,2024-10-30,0 days,MAPS 1-2 Headshots,shalfey,9 Pandas,Johnny Speeds ,14.0,198802.0,23590.0,https://www.hltv.org/stats/players/17011/shalfey,https://www.hltv.org/stats/teams/11883/9-pandas,https://www.hltv.org/stats/teams/12604/johnny-speeds,12.0,0.5616438356164384,0.06164383561643838,O,C
171,3246007,2024-10-30,0 days,MAPS 1-2 Headshots,d1Ledez,9 Pandas,Johnny Speeds ,20.0,168440.0,23590.0,https://www.hltv.org/stats/players/20357/d1ledez,https://www.hltv.org/stats/teams/11883/9-pandas,https://www.hltv.org/stats/teams/12604/johnny-speeds,23.0,0.3764705882352941,-0.12352941176470589,U,C
172,3246008,2024-10-30,0 days,MAPS 1-2 Headshots,glowiing,9 Pandas,Johnny Speeds ,17.0,224513.0,23590.0,https://www.hltv.org/stats/players/17508/glowiing,https://www.hltv.org/stats/teams/11883/9-pandas,https://www.hltv.org/stats/teams/12604/johnny-speeds,17.0,0.5058823529411764,0.00588235294117645,O,C
173,3246009,2024-10-30,0 days,MAPS 1-2 Headshots,iDISBALANCE,9 Pandas,Johnny Speeds ,8.0,227721.0,23590.0,https://www.hltv.org/stats/players/14273/idisbalance,https://www.hltv.org/stats/teams/11883/9-pandas,https://www.hltv.org/stats/teams/12604/johnny-speeds,6.0,0.5529411764705883,0.05294117647058827,O,C
174,3246010,2024-10-30,0 days,MAPS 1-2 Headshots,r3salt,9 Pandas,Johnny Speeds ,19.0,207721.0,23590.0,https://www.hltv.org/stats/players/20709/r3salt,https://www.hltv.org/stats/teams/11883/9-pandas,https://www.hltv.org/stats/teams/12604/johnny-speeds,31.0,0.5652173913043478,0.06521739130434778,O,W
175,3246011,2024-10-30,0 days,MAPS 1-2 Headshots,hampus,Johnny Speeds,9 Pandas ,13.0,224435.0,29945.0,https://www.hltv.org/stats/players/9766/hampus,https://www.hltv.org/stats/teams/12604/johnny-speeds,https://www.hltv.org/stats/teams/11883/9-pandas,16.0,0.5094339622641509,0.009433962264150941,O,C
176,3246012,2024-10-30,0 days,MAPS 1-2 Headshots,draken,Johnny Speeds,9 Pandas ,9.5,193470.0,29945.0,https://www.hltv.org/stats/players/9255/draken,https://www.hltv.org/stats/teams/12604/johnny-speeds,https://www.hltv.org/stats/teams/11883/9-pandas,9.0,0.5662650602409639,0.0662650602409639,O,C
177,3246013,2024-10-30,0 days,MAPS 1-2 Headshots,spooke,Johnny Speeds,9 Pandas ,18.0,224519.0,29945.0,https://www.hltv.org/stats/players/19064/spooke,https://www.hltv.org/stats/teams/12604/johnny-speeds,https://www.hltv.org/stats/teams/11883/9-pandas,10.0,0.6395348837209303,0.13953488372093026,O,C
178,3246014,2024-10-30,0 days,MAPS 1-2 Headshots,bobeksde,Johnny Speeds,9 Pandas ,17.0,221088.0,29945.0,https://www.hltv.org/stats/players/21159/bobeksde,https://www.hltv.org/stats/teams/12604/johnny-speeds,https://www.hltv.org/stats/teams/11883/9-pandas,14.0,0.6265060240963856,0.12650602409638556,O,C
179,3246015,2024-10-30,0 days,MAPS 1-2 Headshots,Ro1f,Johnny Speeds,9 Pandas ,14.5,193466.0,29945.0,https://www.hltv.org/stats/players/21012/ro1f,https://www.hltv.org/stats/teams/12604/johnny-speeds,https://www.hltv.org/stats/teams/11883/9-pandas,15.0,0.5662650602409639,0.0662650602409639,O,W
180,3246016,2024-10-30,0 days,MAPS 1-2 Kills,cmtry,NAVI Junior,CYBERSHOKE ,30.5,198755.0,23597.0,https://www.hltv.org/stats/players/22674/cmtry,https://www.hltv.org/stats/teams/10371/navi-junior,https://www.hltv.org/stats/teams/12380/cybershoke,20.0,0.43478260869565216,-0.06521739130434784,U,W
181,3246017,2024-10-30,0 days,MAPS 1-2 Kills,Dem0N,NAVI Junior,CYBERSHOKE ,29.0,167300.0,23597.0,https://www.hltv.org/stats/players/20584/dem0n,https://www.hltv.org/stats/teams/10371/navi-junior,https://www.hltv.org/stats/teams/12380/cybershoke,32.0,0.40384615384615385,-0.09615384615384615,U,C
182,3246018,2024-10-30,0 days,MAPS 1-2 Kills,makazze,NAVI Junior,CYBERSHOKE ,33.0,166790.0,23597.0,https://www.hltv.org/stats/players/22673/makazze,https://www.hltv.org/stats/teams/10371/navi-junior,https://www.hltv.org/stats/teams/12380/cybershoke,30.0,0.5625,0.0625,O,C
183,3246019,2024-10-30,0 days,MAPS 1-2 Kills,krabeni,NAVI Junior,CYBERSHOKE ,31.5,167054.0,23597.0,https://www.hltv.org/stats/players/22203/krabeni,https://www.hltv.org/stats/teams/10371/navi-junior,https://www.hltv.org/stats/teams/12380/cybershoke,24.0,0.5272727272727272,0.027272727272727226,O,C
184,3246020,2024-10-30,0 days,MAPS 1-2 Kills,dziugss,NAVI Junior,CYBERSHOKE ,27.5,198754.0,23597.0,https://www.hltv.org/stats/players/23553/dziugss,https://www.hltv.org/stats/teams/10371/navi-junior,https://www.hltv.org/stats/teams/12380/cybershoke,23.0,0.5,0.0,N,C
185,3246021,2024-10-30,0 days,MAPS 1-2 Kills,FenomeN,CYBERSHOKE,NAVI Junior ,29.5,199422.0,31210.0,https://www.hltv.org/stats/players/22879/fenomen,https://www.hltv.org/stats/teams/12380/cybershoke,https://www.hltv.org/stats/teams/10371/navi-junior,23.0,0.5238095238095238,0.023809523809523836,O,C
186,3246022,2024-10-30,0 days,MAPS 1-2 Kills,lov1kus,CYBERSHOKE,NAVI Junior ,30.0,199423.0,31210.0,https://www.hltv.org/stats/players/20948/lov1kus,https://www.hltv.org/stats/teams/12380/cybershoke,https://www.hltv.org/stats/teams/10371/navi-junior,16.0,0.524390243902439,0.024390243902439046,O,C
188,3246024,2024-10-30,0 days,MAPS 1-2 Kills,notineki,CYBERSHOKE,NAVI Junior ,28.5,199426.0,31210.0,https://www.hltv.org/stats/players/21710/notineki,https://www.hltv.org/stats/teams/12380/cybershoke,https://www.hltv.org/stats/teams/10371/navi-junior,14.0,0.5054945054945055,0.005494505494505475,O,C
189,3246025,2024-10-30,0 days,MAPS 1-2 Kills,levantino,CYBERSHOKE,NAVI Junior ,26.5,,31210.0,https://www.hltv.org/stats/players/24286/levantino,https://www.hltv.org/stats/teams/12380/cybershoke,https://www.hltv.org/stats/teams/10371/navi-junior,13.0,0.6666666666666666,0.16666666666666663,O,C
190,3246026,2024-10-30,0 days,MAPS 1-2 Headshots,cmtry,NAVI Junior,CYBERSHOKE ,11.0,198755.0,23597.0,https://www.hltv.org/stats/players/22674/cmtry,https://www.hltv.org/stats/teams/10371/navi-junior,https://www.hltv.org/stats/teams/12380/cybershoke,9.0,0.45652173913043476,-0.043478260869565244,U,C
191,3246027,2024-10-30,0 days,MAPS 1-2 Headshots,Dem0N,NAVI Junior,CYBERSHOKE ,19.0,167300.0,23597.0,https://www.hltv.org/stats/players/20584/dem0n,https://www.hltv.org/stats/teams/10371/navi-junior,https://www.hltv.org/stats/teams/12380/cybershoke,22.0,0.5192307692307693,0.019230769230769273,O,C
192,3246028,2024-10-30,0 days,MAPS 1-2 Headshots,makazze,NAVI Junior,CYBERSHOKE ,17.5,166790.0,23597.0,https://www.hltv.org/stats/players/22673/makazze,https://www.hltv.org/stats/teams/10371/navi-junior,https://www.hltv.org/stats/teams/12380/cybershoke,19.0,0.5833333333333334,0.08333333333333337,O,W
193,3246029,2024-10-30,0 days,MAPS 1-2 Headshots,krabeni,NAVI Junior,CYBERSHOKE ,18.5,167054.0,23597.0,https://www.hltv.org/stats/players/22203/krabeni,https://www.hltv.org/stats/teams/10371/navi-junior,https://www.hltv.org/stats/teams/12380/cybershoke,11.0,0.4909090909090909,-0.009090909090909094,U,C
194,3246030,2024-10-30,0 days,MAPS 1-2 Headshots,dziugss,NAVI Junior,CYBERSHOKE ,15.0,198754.0,23597.0,https://www.hltv.org/stats/players/23553/dziugss,https://www.hltv.org/stats/teams/10371/navi-junior,https://www.hltv.org/stats/teams/12380/cybershoke,11.0,0.6041666666666666,0.10416666666666663,O,C
195,3246031,2024-10-30,0 days,MAPS 1-2 Headshots,FenomeN,CYBERSHOKE,NAVI Junior ,8.0,199422.0,31210.0,https://www.hltv.org/stats/players/22879/fenomen,https://www.hltv.org/stats/teams/12380/cybershoke,https://www.hltv.org/stats/teams/10371/navi-junior,4.0,0.6904761904761905,0.19047619047619047,O,C
196,3246032,2024-10-30,0 days,MAPS 1-2 Headshots,lov1kus,CYBERSHOKE,NAVI Junior ,13.0,199423.0,31210.0,https://www.hltv.org/stats/players/20948/lov1kus,https://www.hltv.org/stats/teams/12380/cybershoke,https://www.hltv.org/stats/teams/10371/navi-junior,9.0,0.524390243902439,0.024390243902439046,O,C
198,3246034,2024-10-30,0 days,MAPS 1-2 Headshots,notineki,CYBERSHOKE,NAVI Junior ,15.0,199426.0,31210.0,https://www.hltv.org/stats/players/21710/notineki,https://www.hltv.org/stats/teams/12380/cybershoke,https://www.hltv.org/stats/teams/10371/navi-junior,9.0,0.5384615384615384,0.038461538461538436,O,C
199,3246035,2024-10-30,0 days,MAPS 1-2 Headshots,levantino,CYBERSHOKE,NAVI Junior ,15.5,,31210.0,https://www.hltv.org/stats/players/24286/levantino,https://www.hltv.org/stats/teams/12380/cybershoke,https://www.hltv.org/stats/teams/10371/navi-junior,7.0,0.5396825396825397,0.03968253968253965,O,C
200,3246036,2024-10-30,0 days,MAPS 1-2 Kills,juanflatroo,Into the Breach,Permitta,31.5,228129.0,,https://www.hltv.org/stats/players/17147/juanflatroo,https://www.hltv.org/stats/teams/11164/into-the-breach,https://www.hltv.org/stats/teams/12009/permitta,37.0,0.5125,0.012499999999999956,O,C
201,3246037,2024-10-30,0 days,MAPS 1-2 Kills,Keoz,Into the Breach,Permitta,27.0,226509.0,,https://www.hltv.org/stats/players/15117/keoz,https://www.hltv.org/stats/teams/11164/into-the-breach,https://www.hltv.org/stats/teams/12009/permitta,30.0,0.4838709677419355,-0.016129032258064502,U,C
202,3246038,2024-10-30,0 days,MAPS 1-2 Kills,sinnopsyy,Into the Breach,Permitta,29.0,226510.0,,https://www.hltv.org/stats/players/18120/sinnopsyy,https://www.hltv.org/stats/teams/11164/into-the-breach,https://www.hltv.org/stats/teams/12009/permitta,24.0,0.5542168674698795,0.054216867469879526,O,C
203,3246039,2024-10-30,0 days,MAPS 1-2 Kills,smooya,Into the Breach,Permitta,32.5,226511.0,,https://www.hltv.org/stats/players/11271/smooya,https://www.hltv.org/stats/teams/11164/into-the-breach,https://www.hltv.org/stats/teams/12009/permitta,38.0,0.5714285714285714,0.0714285714285714,O,W
204,3246040,2024-10-30,0 days,MAPS 1-2 Kills,REDSTAR,Into the Breach,Permitta,31.0,226512.0,,https://www.hltv.org/stats/players/15369/redstar,https://www.hltv.org/stats/teams/11164/into-the-breach,https://www.hltv.org/stats/teams/12009/permitta,25.0,0.5517241379310345,0.051724137931034475,O,C
205,3246041,2024-10-30,0 days,MAPS 1-2 Kills,bnox,Permitta,Into the Breach ,31.5,,,https://www.hltv.org/stats/players/20309/bnox,https://www.hltv.org/stats/teams/12009/permitta,https://www.hltv.org/stats/teams/11164/into-the-breach,29.0,0.5086705202312138,0.00867052023121384,O,C
206,3246042,2024-10-30,0 days,MAPS 1-2 Kills,mASKED,Permitta,Into the Breach ,25.5,225407.0,,https://www.hltv.org/stats/players/21142/masked,https://www.hltv.org/stats/teams/12009/permitta,https://www.hltv.org/stats/teams/11164/into-the-breach,12.0,0.5664739884393064,0.06647398843930641,O,C
207,3246043,2024-10-30,0 days,MAPS 1-2 Kills,maaryy,Permitta,Into the Breach ,28.0,225408.0,,https://www.hltv.org/stats/players/20284/maaryy,https://www.hltv.org/stats/teams/12009/permitta,https://www.hltv.org/stats/teams/11164/into-the-breach,32.0,0.5146198830409356,0.014619883040935644,O,C
208,3246044,2024-10-30,0 days,MAPS 1-2 Kills,tomiko,Permitta,Into the Breach ,30.5,222370.0,,https://www.hltv.org/stats/players/20283/tomiko,https://www.hltv.org/stats/teams/12009/permitta,https://www.hltv.org/stats/teams/11164/into-the-breach,21.0,0.6416666666666667,0.14166666666666672,O,C
209,3246045,2024-10-30,0 days,MAPS 1-2 Kills,fr3nd,Permitta,Into the Breach ,28.5,,,https://www.hltv.org/stats/players/20018/fr3nd,https://www.hltv.org/stats/teams/12009/permitta,https://www.hltv.org/stats/teams/11164/into-the-breach,26.0,0.5614035087719298,0.06140350877192979,O,C
210,3246046,2024-10-30,0 days,MAPS 1-2 Headshots,juanflatroo,Into the Breach,Permitta,18.0,228129.0,,https://www.hltv.org/stats/players/17147/juanflatroo,https://www.hltv.org/stats/teams/11164/into-the-breach,https://www.hltv.org/stats/teams/12009/permitta,25.0,0.675,0.17500000000000004,O,W
211,3246047,2024-10-30,0 days,MAPS 1-2 Headshots,Keoz,Into the Breach,Permitta,16.5,226509.0,,https://www.hltv.org/stats/players/15117/keoz,https://www.hltv.org/stats/teams/11164/into-the-breach,https://www.hltv.org/stats/teams/12009/permitta,20.0,0.45161290322580644,-0.04838709677419356,U,C
212,3246048,2024-10-30,0 days,MAPS 1-2 Headshots,sinnopsyy,Into the Breach,Permitta,16.5,226510.0,,https://www.hltv.org/stats/players/18120/sinnopsyy,https://www.hltv.org/stats/teams/11164/into-the-breach,https://www.hltv.org/stats/teams/12009/permitta,14.0,0.5301204819277109,0.030120481927710885,O,C
213,3246049,2024-10-30,0 days,MAPS 1-2 Headshots,smooya,Into the Breach,Permitta,10.0,226511.0,,https://www.hltv.org/stats/players/11271/smooya,https://www.hltv.org/stats/teams/11164/into-the-breach,https://www.hltv.org/stats/teams/12009/permitta,12.0,0.5535714285714286,0.0535714285714286,O,W
214,3246050,2024-10-30,0 days,MAPS 1-2 Headshots,REDSTAR,Into the Breach,Permitta,17.0,226512.0,,https://www.hltv.org/stats/players/15369/redstar,https://www.hltv.org/stats/teams/11164/into-the-breach,https://www.hltv.org/stats/teams/12009/permitta,15.0,0.5344827586206896,0.03448275862068961,O,C
215,3246051,2024-10-30,0 days,MAPS 1-2 Headshots,bnox,Permitta,Into the Breach ,17.5,,,https://www.hltv.org/stats/players/20309/bnox,https://www.hltv.org/stats/teams/12009/permitta,https://www.hltv.org/stats/teams/11164/into-the-breach,19.0,0.44508670520231214,-0.05491329479768786,U,C
216,3246052,2024-10-30,0 days,MAPS 1-2 Headshots,mASKED,Permitta,Into the Breach ,11.0,225407.0,,https://www.hltv.org/stats/players/21142/masked,https://www.hltv.org/stats/teams/12009/permitta,https://www.hltv.org/stats/teams/11164/into-the-breach,5.0,0.5491329479768786,0.049132947976878616,O,C
217,3246053,2024-10-30,0 days,MAPS 1-2 Headshots,maaryy,Permitta,Into the Breach ,14.5,225408.0,,https://www.hltv.org/stats/players/20284/maaryy,https://www.hltv.org/stats/teams/12009/permitta,https://www.hltv.org/stats/teams/11164/into-the-breach,15.0,0.47953216374269003,-0.020467836257309968,U,C
218,3246054,2024-10-30,0 days,MAPS 1-2 Headshots,tomiko,Permitta,Into the Breach ,18.0,222370.0,,https://www.hltv.org/stats/players/20283/tomiko,https://www.hltv.org/stats/teams/12009/permitta,https://www.hltv.org/stats/teams/11164/into-the-breach,16.0,0.675,0.17500000000000004,O,C
219,3246055,2024-10-30,0 days,MAPS 1-2 Headshots,fr3nd,Permitta,Into the Breach ,9.5,,,https://www.hltv.org/stats/players/20018/fr3nd,https://www.hltv.org/stats/teams/12009/permitta,https://www.hltv.org/stats/teams/11164/into-the-breach,10.0,0.6491228070175439,0.14912280701754388,O,W
308,3253921,2024-10-30,0 days,MAPS 1-2 Kills,kyousuke,Spirit Academy,NAVI Junior,36.5,207755.0,23656.0,https://www.hltv.org/stats/players/24177/kyousuke,https://www.hltv.org/stats/teams/7900/spirit-academy,https://www.hltv.org/stats/teams/10371/navi-junior,34.0,0.43243243243243246,-0.06756756756756754,U,W
309,3253922,2024-10-30,0 days,MAPS 1-2 Kills,syph0,Spirit Academy,NAVI Junior,31.5,207756.0,23656.0,https://www.hltv.org/stats/players/23319/syph0,https://www.hltv.org/stats/teams/7900/spirit-academy,https://www.hltv.org/stats/teams/10371/navi-junior,23.0,0.2972972972972973,-0.2027027027027027,U,W
310,3253923,2024-10-30,0 days,MAPS 1-2 Kills,alkarenn,Spirit Academy,NAVI Junior,28.5,207757.0,23656.0,https://www.hltv.org/stats/players/23600/alkarenn,https://www.hltv.org/stats/teams/7900/spirit-academy,https://www.hltv.org/stats/teams/10371/navi-junior,18.0,0.46153846153846156,-0.038461538461538436,U,C
311,3253924,2024-10-30,0 days,MAPS 1-2 Kills,Mokuj1n,Spirit Academy,NAVI Junior,27.5,207758.0,23656.0,https://www.hltv.org/stats/players/24176/mokuj1n,https://www.hltv.org/stats/teams/7900/spirit-academy,https://www.hltv.org/stats/teams/10371/navi-junior,16.0,0.4594594594594595,-0.040540540540540515,U,C
312,3253925,2024-10-30,0 days,MAPS 1-2 Kills,robo,Spirit Academy,NAVI Junior,26.5,207754.0,23656.0,https://www.hltv.org/stats/players/22864/robo,https://www.hltv.org/stats/teams/7900/spirit-academy,https://www.hltv.org/stats/teams/10371/navi-junior,21.0,0.45714285714285713,-0.04285714285714287,U,C
313,3253926,2024-10-30,0 days,MAPS 1-2 Kills,makazze,NAVI Junior,Spirit Academy,32.5,166790.0,23597.0,https://www.hltv.org/stats/players/22673/makazze,https://www.hltv.org/stats/teams/10371/navi-junior,https://www.hltv.org/stats/teams/7900/spirit-academy,30.0,0.5625,0.0625,O,C
314,3253927,2024-10-30,0 days,MAPS 1-2 Kills,krabeni,NAVI Junior,Spirit Academy,31.5,167054.0,23597.0,https://www.hltv.org/stats/players/22203/krabeni,https://www.hltv.org/stats/teams/10371/navi-junior,https://www.hltv.org/stats/teams/7900/spirit-academy,40.0,0.5272727272727272,0.027272727272727226,O,C
315,3253928,2024-10-30,0 days,MAPS 1-2 Kills,cmtry,NAVI Junior,Spirit Academy,28.5,198755.0,23597.0,https://www.hltv.org/stats/players/22674/cmtry,https://www.hltv.org/stats/teams/10371/navi-junior,https://www.hltv.org/stats/teams/7900/spirit-academy,31.0,0.5869565217391305,0.08695652173913049,O,W
316,3253929,2024-10-30,0 days,MAPS 1-2 Kills,Dem0N,NAVI Junior,Spirit Academy,28.0,167300.0,23597.0,https://www.hltv.org/stats/players/20584/dem0n,https://www.hltv.org/stats/teams/10371/navi-junior,https://www.hltv.org/stats/teams/7900/spirit-academy,29.0,0.4423076923076923,-0.05769230769230771,U,C
317,3253930,2024-10-30,0 days,MAPS 1-2 Kills,dziugss,NAVI Junior,Spirit Academy,26.5,198754.0,23597.0,https://www.hltv.org/stats/players/23553/dziugss,https://www.hltv.org/stats/teams/10371/navi-junior,https://www.hltv.org/stats/teams/7900/spirit-academy,28.0,0.6041666666666666,0.10416666666666663,O,W
318,3253931,2024-10-30,0 days,MAPS 1-2 Headshots,kyousuke,Spirit Academy,NAVI Junior,20.0,207755.0,23656.0,https://www.hltv.org/stats/players/24177/kyousuke,https://www.hltv.org/stats/teams/7900/spirit-academy,https://www.hltv.org/stats/teams/10371/navi-junior,21.0,0.5135135135135135,0.013513513513513487,O,C
319,3253932,2024-10-30,0 days,MAPS 1-2 Headshots,syph0,Spirit Academy,NAVI Junior,19.0,207756.0,23656.0,https://www.hltv.org/stats/players/23319/syph0,https://www.hltv.org/stats/teams/7900/spirit-academy,https://www.hltv.org/stats/teams/10371/navi-junior,17.0,0.35135135135135137,-0.14864864864864863,U,W
320,3253933,2024-10-30,0 days,MAPS 1-2 Headshots,alkarenn,Spirit Academy,NAVI Junior,8.5,207757.0,23656.0,https://www.hltv.org/stats/players/23600/alkarenn,https://www.hltv.org/stats/teams/7900/spirit-academy,https://www.hltv.org/stats/teams/10371/navi-junior,4.0,0.5128205128205128,0.012820512820512775,O,C
321,3253934,2024-10-30,0 days,MAPS 1-2 Headshots,Mokuj1n,Spirit Academy,NAVI Junior,15.0,207758.0,23656.0,https://www.hltv.org/stats/players/24176/mokuj1n,https://www.hltv.org/stats/teams/7900/spirit-academy,https://www.hltv.org/stats/teams/10371/navi-junior,11.0,0.5945945945945946,0.09459459459459463,O,C
322,3253935,2024-10-30,0 days,MAPS 1-2 Headshots,robo,Spirit Academy,NAVI Junior,13.5,207754.0,23656.0,https://www.hltv.org/stats/players/22864/robo,https://www.hltv.org/stats/teams/7900/spirit-academy,https://www.hltv.org/stats/teams/10371/navi-junior,14.0,0.5714285714285714,0.0714285714285714,O,W
323,3253936,2024-10-30,0 days,MAPS 1-2 Headshots,makazze,NAVI Junior,Spirit Academy,17.5,166790.0,23597.0,https://www.hltv.org/stats/players/22673/makazze,https://www.hltv.org/stats/teams/10371/navi-junior,https://www.hltv.org/stats/teams/7900/spirit-academy,16.0,0.5833333333333334,0.08333333333333337,O,C
324,3253937,2024-10-30,0 days,MAPS 1-2 Headshots,krabeni,NAVI Junior,Spirit Academy,18.0,167054.0,23597.0,https://www.hltv.org/stats/players/22203/krabeni,https://www.hltv.org/stats/teams/10371/navi-junior,https://www.hltv.org/stats/teams/7900/spirit-academy,18.0,0.5272727272727272,0.027272727272727226,O,C
325,3253938,2024-10-30,0 days,MAPS 1-2 Headshots,cmtry,NAVI Junior,Spirit Academy,11.0,198755.0,23597.0,https://www.hltv.org/stats/players/22674/cmtry,https://www.hltv.org/stats/teams/10371/navi-junior,https://www.hltv.org/stats/teams/7900/spirit-academy,9.0,0.45652173913043476,-0.043478260869565244,U,C
326,3253939,2024-10-30,0 days,MAPS 1-2 Headshots,Dem0N,NAVI Junior,Spirit Academy,18.5,167300.0,23597.0,https://www.hltv.org/stats/players/20584/dem0n,https://www.hltv.org/stats/teams/10371/navi-junior,https://www.hltv.org/stats/teams/7900/spirit-academy,23.0,0.5192307692307693,0.019230769230769273,O,C
327,3253940,2024-10-30,0 days,MAPS 1-2 Headshots,dziugss,NAVI Junior,Spirit Academy,15.5,198754.0,23597.0,https://www.hltv.org/stats/players/23553/dziugss,https://www.hltv.org/stats/teams/10371/navi-junior,https://www.hltv.org/stats/teams/7900/spirit-academy,15.0,0.4791666666666667,-0.020833333333333315,U,C
348,3255171,2024-10-31,0 days,MAPS 1-2 Kills,flameZ,Team Vitality,Team Liquid,29.5,168894.0,,https://www.hltv.org/stats/players/16693/flamez,https://www.hltv.org/stats/teams/9565/vitality,https://www.hltv.org/stats/teams/5973/liquid,25.0,0.5106382978723404,0.010638297872340385,O,C
349,3255172,2024-10-31,0 days,MAPS 1-2 Kills,Spinx,Team Vitality,Team Liquid,31.5,228195.0,,https://www.hltv.org/stats/players/18221/spinx,https://www.hltv.org/stats/teams/9565/vitality,https://www.hltv.org/stats/teams/5973/liquid,28.0,0.5957446808510638,0.0957446808510638,O,C
350,3255173,2024-10-31,0 days,MAPS 1-2 Kills,JACKZ,Team Vitality,Team Liquid,27.5,213661.0,,https://www.hltv.org/stats/players/284/jackz,https://www.hltv.org/stats/teams/9565/vitality,https://www.hltv.org/stats/teams/5973/liquid,21.0,0.6428571428571429,0.1428571428571429,O,C
351,3255174,2024-10-31,0 days,MAPS 1-2 Kills,apEX,Team Vitality,Team Liquid,24.5,169191.0,,https://www.hltv.org/stats/players/7322/apex,https://www.hltv.org/stats/teams/9565/vitality,https://www.hltv.org/stats/teams/5973/liquid,19.0,0.5918367346938775,0.09183673469387754,O,C
352,3255175,2024-10-31,0 days,MAPS 1-2 Kills,ZywOo,Team Vitality,Team Liquid,36.5,169189.0,,https://www.hltv.org/stats/players/11893/zywoo,https://www.hltv.org/stats/teams/9565/vitality,https://www.hltv.org/stats/teams/5973/liquid,30.0,0.5531914893617021,0.05319148936170215,O,C
353,3255176,2024-10-31,0 days,MAPS 1-2 Kills,ultimate,Team Liquid,Team Vitality,28.5,205033.0,,https://www.hltv.org/stats/players/21763/ultimate,https://www.hltv.org/stats/teams/5973/liquid,https://www.hltv.org/stats/teams/9565/vitality,25.0,0.5849056603773585,0.08490566037735847,O,C
354,3255177,2024-10-31,0 days,MAPS 1-2 Kills,Twistzz,Team Liquid,Team Vitality,29.5,169194.0,,https://www.hltv.org/stats/players/10394/twistzz,https://www.hltv.org/stats/teams/5973/liquid,https://www.hltv.org/stats/teams/9565/vitality,22.0,0.5967741935483871,0.09677419354838712,O,C
355,3255178,2024-10-31,0 days,MAPS 1-2 Kills,YEKINDAR,Team Liquid,Team Vitality,24.5,,,https://www.hltv.org/stats/players/13915/yekindar,https://www.hltv.org/stats/teams/5973/liquid,https://www.hltv.org/stats/teams/9565/vitality,21.0,0.6935483870967742,0.19354838709677424,O,C
356,3255179,2024-10-31,0 days,MAPS 1-2 Kills,jks,Team Liquid,Team Vitality,27.0,205034.0,,https://www.hltv.org/stats/players/4679/jks,https://www.hltv.org/stats/teams/5973/liquid,https://www.hltv.org/stats/teams/9565/vitality,26.0,0.4583333333333333,-0.041666666666666685,U,C
357,3255180,2024-10-31,0 days,MAPS 1-2 Kills,NAF,Team Liquid,Team Vitality,29.5,169193.0,,https://www.hltv.org/stats/players/8520/naf,https://www.hltv.org/stats/teams/5973/liquid,https://www.hltv.org/stats/teams/9565/vitality,25.0,0.5,0.0,N,C
358,3255181,2024-10-31,0 days,MAPS 1-2 Headshots,flameZ,Team Vitality,Team Liquid,15.5,168894.0,,https://www.hltv.org/stats/players/16693/flamez,https://www.hltv.org/stats/teams/9565/vitality,https://www.hltv.org/stats/teams/5973/liquid,13.0,0.425531914893617,-0.07446808510638298,U,W
359,3255182,2024-10-31,0 days,MAPS 1-2 Headshots,Spinx,Team Vitality,Team Liquid,18.0,228195.0,,https://www.hltv.org/stats/players/18221/spinx,https://www.hltv.org/stats/teams/9565/vitality,https://www.hltv.org/stats/teams/5973/liquid,21.0,0.5531914893617021,0.05319148936170215,O,W
360,3255183,2024-10-31,0 days,MAPS 1-2 Headshots,JACKZ,Team Vitality,Team Liquid,15.5,213661.0,,https://www.hltv.org/stats/players/284/jackz,https://www.hltv.org/stats/teams/9565/vitality,https://www.hltv.org/stats/teams/5973/liquid,10.0,0.7857142857142857,0.2857142857142857,O,C
361,3255184,2024-10-31,0 days,MAPS 1-2 Headshots,apEX,Team Vitality,Team Liquid,11.5,169191.0,,https://www.hltv.org/stats/players/7322/apex,https://www.hltv.org/stats/teams/9565/vitality,https://www.hltv.org/stats/teams/5973/liquid,8.0,0.673469387755102,0.173469387755102,O,C
362,3255185,2024-10-31,0 days,MAPS 1-2 Headshots,ZywOo,Team Vitality,Team Liquid,15.5,169189.0,,https://www.hltv.org/stats/players/11893/zywoo,https://www.hltv.org/stats/teams/9565/vitality,https://www.hltv.org/stats/teams/5973/liquid,16.0,0.5106382978723404,0.010638297872340385,O,C
363,3255186,2024-10-31,0 days,MAPS 1-2 Headshots,ultimate,Team Liquid,Team Vitality,10.5,205033.0,,https://www.hltv.org/stats/players/21763/ultimate,https://www.hltv.org/stats/teams/5973/liquid,https://www.hltv.org/stats/teams/9565/vitality,6.0,0.6226415094339622,0.12264150943396224,O,C
364,3255187,2024-10-31,0 days,MAPS 1-2 Headshots,Twistzz,Team Liquid,Team Vitality,17.5,169194.0,,https://www.hltv.org/stats/players/10394/twistzz,https://www.hltv.org/stats/teams/5973/liquid,https://www.hltv.org/stats/teams/9565/vitality,12.0,0.5806451612903226,0.08064516129032262,O,C
365,3255188,2024-10-31,0 days,MAPS 1-2 Headshots,YEKINDAR,Team Liquid,Team Vitality,14.5,,,https://www.hltv.org/stats/players/13915/yekindar,https://www.hltv.org/stats/teams/5973/liquid,https://www.hltv.org/stats/teams/9565/vitality,11.0,0.6290322580645161,0.12903225806451613,O,C
366,3255189,2024-10-31,0 days,MAPS 1-2 Headshots,jks,Team Liquid,Team Vitality,16.0,205034.0,,https://www.hltv.org/stats/players/4679/jks,https://www.hltv.org/stats/teams/5973/liquid,https://www.hltv.org/stats/teams/9565/vitality,12.0,0.5416666666666666,0.04166666666666663,O,C
367,3255190,2024-10-31,0 days,MAPS 1-2 Headshots,NAF,Team Liquid,Team Vitality,15.5,169193.0,,https://www.hltv.org/stats/players/8520/naf,https://www.hltv.org/stats/teams/5973/liquid,https://www.hltv.org/stats/teams/9565/vitality,11.0,0.532258064516129,0.032258064516129004,O,C
368,3255200,2024-10-31,0 days,MAPS 3 Headshots,flameZ,Team Vitality,Team Liquid,8.0,168894.0,,https://www.hltv.org/stats/players/16693/flamez,https://www.hltv.org/stats/teams/9565/vitality,https://www.hltv.org/stats/teams/5973/liquid,10.0,0.5833333333333334,0.08333333333333337,O,W
369,3255201,2024-10-31,0 days,MAPS 3 Headshots,Spinx,Team Vitality,Team Liquid,9.5,228195.0,,https://www.hltv.org/stats/players/18221/spinx,https://www.hltv.org/stats/teams/9565/vitality,https://www.hltv.org/stats/teams/5973/liquid,5.0,0.4166666666666667,-0.08333333333333331,U,W
370,3255202,2024-10-31,0 days,MAPS 3 Headshots,JACKZ,Team Vitality,Team Liquid,7.5,213661.0,,https://www.hltv.org/stats/players/284/jackz,https://www.hltv.org/stats/teams/9565/vitality,https://www.hltv.org/stats/teams/5973/liquid,7.0,0.25,-0.25,U,W
371,3255203,2024-10-31,0 days,MAPS 3 Headshots,apEX,Team Vitality,Team Liquid,5.5,169191.0,,https://www.hltv.org/stats/players/7322/apex,https://www.hltv.org/stats/teams/9565/vitality,https://www.hltv.org/stats/teams/5973/liquid,4.0,0.36,-0.14,U,W
372,3255204,2024-10-31,0 days,MAPS 3 Headshots,ZywOo,Team Vitality,Team Liquid,8.0,169189.0,,https://www.hltv.org/stats/players/11893/zywoo,https://www.hltv.org/stats/teams/9565/vitality,https://www.hltv.org/stats/teams/5973/liquid,10.0,0.4583333333333333,-0.041666666666666685,U,C
373,3255205,2024-10-31,0 days,MAPS 3 Headshots,ultimate,Team Liquid,Team Vitality,5.0,205033.0,,https://www.hltv.org/stats/players/21763/ultimate,https://www.hltv.org/stats/teams/5973/liquid,https://www.hltv.org/stats/teams/9565/vitality,9.0,0.7727272727272727,0.2727272727272727,O,W
374,3255206,2024-10-31,0 days,MAPS 3 Headshots,Twistzz,Team Liquid,Team Vitality,8.5,169194.0,,https://www.hltv.org/stats/players/10394/twistzz,https://www.hltv.org/stats/teams/5973/liquid,https://www.hltv.org/stats/teams/9565/vitality,8.0,0.5357142857142857,0.0357142857142857,O,C
375,3255207,2024-10-31,0 days,MAPS 3 Headshots,YEKINDAR,Team Liquid,Team Vitality,7.0,,,https://www.hltv.org/stats/players/13915/yekindar,https://www.hltv.org/stats/teams/5973/liquid,https://www.hltv.org/stats/teams/9565/vitality,7.0,0.7857142857142857,0.2857142857142857,O,C
376,3255208,2024-10-31,0 days,MAPS 3 Headshots,jks,Team Liquid,Team Vitality,8.0,205034.0,,https://www.hltv.org/stats/players/4679/jks,https://www.hltv.org/stats/teams/5973/liquid,https://www.hltv.org/stats/teams/9565/vitality,18.0,0.5,0.0,N,C
377,3255209,2024-10-31,0 days,MAPS 3 Headshots,NAF,Team Liquid,Team Vitality,7.5,169193.0,,https://www.hltv.org/stats/players/8520/naf,https://www.hltv.org/stats/teams/5973/liquid,https://www.hltv.org/stats/teams/9565/vitality,7.0,0.5,0.0,N,C
378,3255236,2024-10-31,0 days,MAPS 3 Kills,flameZ,Team Vitality,Team Liquid,14.5,168894.0,,https://www.hltv.org/stats/players/16693/flamez,https://www.hltv.org/stats/teams/9565/vitality,https://www.hltv.org/stats/teams/5973/liquid,22.0,0.5,0.0,N,C
379,3255237,2024-10-31,0 days,MAPS 3 Kills,Spinx,Team Vitality,Team Liquid,16.0,228195.0,,https://www.hltv.org/stats/players/18221/spinx,https://www.hltv.org/stats/teams/9565/vitality,https://www.hltv.org/stats/teams/5973/liquid,10.0,0.4166666666666667,-0.08333333333333331,U,W
380,3255238,2024-10-31,0 days,MAPS 3 Kills,JACKZ,Team Vitality,Team Liquid,13.5,213661.0,,https://www.hltv.org/stats/players/284/jackz,https://www.hltv.org/stats/teams/9565/vitality,https://www.hltv.org/stats/teams/5973/liquid,15.0,0.5,0.0,N,C
381,3255239,2024-10-31,0 days,MAPS 3 Kills,apEX,Team Vitality,Team Liquid,12.0,169191.0,,https://www.hltv.org/stats/players/7322/apex,https://www.hltv.org/stats/teams/9565/vitality,https://www.hltv.org/stats/teams/5973/liquid,7.0,0.52,0.020000000000000018,O,C
382,3255240,2024-10-31,0 days,MAPS 3 Kills,ZywOo,Team Vitality,Team Liquid,18.0,169189.0,,https://www.hltv.org/stats/players/11893/zywoo,https://www.hltv.org/stats/teams/9565/vitality,https://www.hltv.org/stats/teams/5973/liquid,23.0,0.4583333333333333,-0.041666666666666685,U,C
383,3255241,2024-10-31,0 days,MAPS 3 Kills,ultimate,Team Liquid,Team Vitality,14.0,205033.0,,https://www.hltv.org/stats/players/21763/ultimate,https://www.hltv.org/stats/teams/5973/liquid,https://www.hltv.org/stats/teams/9565/vitality,14.0,0.6818181818181818,0.18181818181818177,O,C
384,3255242,2024-10-31,0 days,MAPS 3 Kills,Twistzz,Team Liquid,Team Vitality,14.5,169194.0,,https://www.hltv.org/stats/players/10394/twistzz,https://www.hltv.org/stats/teams/5973/liquid,https://www.hltv.org/stats/teams/9565/vitality,15.0,0.5357142857142857,0.0357142857142857,O,C
385,3255243,2024-10-31,0 days,MAPS 3 Kills,YEKINDAR,Team Liquid,Team Vitality,12.0,,,https://www.hltv.org/stats/players/13915/yekindar,https://www.hltv.org/stats/teams/5973/liquid,https://www.hltv.org/stats/teams/9565/vitality,13.0,0.7142857142857143,0.2142857142857143,O,W
386,3255244,2024-10-31,0 days,MAPS 3 Kills,jks,Team Liquid,Team Vitality,13.5,205034.0,,https://www.hltv.org/stats/players/4679/jks,https://www.hltv.org/stats/teams/5973/liquid,https://www.hltv.org/stats/teams/9565/vitality,22.0,0.4,-0.09999999999999998,U,C
387,3255245,2024-10-31,0 days,MAPS 3 Kills,NAF,Team Liquid,Team Vitality,14.5,169193.0,,https://www.hltv.org/stats/players/8520/naf,https://www.hltv.org/stats/teams/5973/liquid,https://www.hltv.org/stats/teams/9565/vitality,15.0,0.5357142857142857,0.0357142857142857,O,C
388,3255492,2024-10-31,0 days,MAPS 1-2 Kills,broky,FaZe,Natus Vincere,31.5,169219.0,24331.0,https://www.hltv.org/stats/players/18053/broky,https://www.hltv.org/stats/teams/6667/faze,https://www.hltv.org/stats/teams/4608/natus-vincere,25.0,0.5483870967741935,0.048387096774193505,O,C
389,3255493,2024-10-31,0 days,MAPS 1-2 Kills,rain,FaZe,Natus Vincere,27.5,169302.0,24331.0,https://www.hltv.org/stats/players/8183/rain,https://www.hltv.org/stats/teams/6667/faze,https://www.hltv.org/stats/teams/4608/natus-vincere,31.0,0.5967741935483871,0.09677419354838712,O,W
390,3255494,2024-10-31,0 days,MAPS 1-2 Kills,karrigan,FaZe,Natus Vincere,24.5,169209.0,24331.0,https://www.hltv.org/stats/players/429/karrigan,https://www.hltv.org/stats/teams/6667/faze,https://www.hltv.org/stats/teams/4608/natus-vincere,16.0,0.5806451612903226,0.08064516129032262,O,C
391,3255495,2024-10-31,0 days,MAPS 1-2 Kills,frozen,FaZe,Natus Vincere,30.5,169207.0,24331.0,https://www.hltv.org/stats/players/9960/frozen,https://www.hltv.org/stats/teams/6667/faze,https://www.hltv.org/stats/teams/4608/natus-vincere,20.0,0.5967741935483871,0.09677419354838712,O,C
392,3255496,2024-10-31,0 days,MAPS 1-2 Kills,ropz,FaZe,Natus Vincere,32.5,224433.0,24331.0,https://www.hltv.org/stats/players/11816/ropz,https://www.hltv.org/stats/teams/6667/faze,https://www.hltv.org/stats/teams/4608/natus-vincere,27.0,0.46774193548387094,-0.03225806451612906,U,C
393,3255497,2024-10-31,0 days,MAPS 1-2 Kills,Aleksib,Natus Vincere,FaZe,23.0,169144.0,139.0,https://www.hltv.org/stats/players/9816/aleksib,https://www.hltv.org/stats/teams/4608/natus-vincere,https://www.hltv.org/stats/teams/6667/faze,29.0,0.4642857142857143,-0.0357142857142857,U,C
394,3255498,2024-10-31,0 days,MAPS 1-2 Kills,b1t,Natus Vincere,FaZe,32.5,168868.0,139.0,https://www.hltv.org/stats/players/18987/b1t,https://www.hltv.org/stats/teams/4608/natus-vincere,https://www.hltv.org/stats/teams/6667/faze,34.0,0.44642857142857145,-0.05357142857142855,U,C
395,3255499,2024-10-31,0 days,MAPS 1-2 Kills,iM,Natus Vincere,FaZe,31.5,168933.0,139.0,https://www.hltv.org/stats/players/14759/im,https://www.hltv.org/stats/teams/4608/natus-vincere,https://www.hltv.org/stats/teams/6667/faze,18.0,0.4107142857142857,-0.0892857142857143,U,W
396,3255500,2024-10-31,0 days,MAPS 1-2 Kills,jL,Natus Vincere,FaZe,32.0,168885.0,139.0,https://www.hltv.org/stats/players/19206/jl,https://www.hltv.org/stats/teams/4608/natus-vincere,https://www.hltv.org/stats/teams/6667/faze,26.0,0.5,0.0,N,C
397,3255501,2024-10-31,0 days,MAPS 1-2 Kills,w0nderful,Natus Vincere,FaZe,31.5,168359.0,139.0,https://www.hltv.org/stats/players/20127/w0nderful,https://www.hltv.org/stats/teams/4608/natus-vincere,https://www.hltv.org/stats/teams/6667/faze,22.0,0.5357142857142857,0.0357142857142857,O,C
398,3255502,2024-10-31,0 days,MAPS 1-2 Headshots,broky,FaZe,Natus Vincere,11.5,169219.0,24331.0,https://www.hltv.org/stats/players/18053/broky,https://www.hltv.org/stats/teams/6667/faze,https://www.hltv.org/stats/teams/4608/natus-vincere,8.0,0.5,0.0,N,C
399,3255503,2024-10-31,0 days,MAPS 1-2 Headshots,rain,FaZe,Natus Vincere,16.5,169302.0,24331.0,https://www.hltv.org/stats/players/8183/rain,https://www.hltv.org/stats/teams/6667/faze,https://www.hltv.org/stats/teams/4608/natus-vincere,16.0,0.5483870967741935,0.048387096774193505,O,C
400,3255504,2024-10-31,0 days,MAPS 1-2 Headshots,karrigan,FaZe,Natus Vincere,12.5,169209.0,24331.0,https://www.hltv.org/stats/players/429/karrigan,https://www.hltv.org/stats/teams/6667/faze,https://www.hltv.org/stats/teams/4608/natus-vincere,9.0,0.6129032258064516,0.11290322580645162,O,C
401,3255505,2024-10-31,0 days,MAPS 1-2 Headshots,frozen,FaZe,Natus Vincere,16.0,169207.0,24331.0,https://www.hltv.org/stats/players/9960/frozen,https://www.hltv.org/stats/teams/6667/faze,https://www.hltv.org/stats/teams/4608/natus-vincere,10.0,0.6612903225806451,0.16129032258064513,O,C
402,3255506,2024-10-31,0 days,MAPS 1-2 Headshots,ropz,FaZe,Natus Vincere,17.5,224433.0,24331.0,https://www.hltv.org/stats/players/11816/ropz,https://www.hltv.org/stats/teams/6667/faze,https://www.hltv.org/stats/teams/4608/natus-vincere,18.0,0.46774193548387094,-0.03225806451612906,U,C
403,3255507,2024-10-31,0 days,MAPS 1-2 Headshots,Aleksib,Natus Vincere,FaZe,10.0,169144.0,139.0,https://www.hltv.org/stats/players/9816/aleksib,https://www.hltv.org/stats/teams/4608/natus-vincere,https://www.hltv.org/stats/teams/6667/faze,6.0,0.5,0.0,N,C
404,3255508,2024-10-31,0 days,MAPS 1-2 Headshots,b1t,Natus Vincere,FaZe,21.5,168868.0,139.0,https://www.hltv.org/stats/players/18987/b1t,https://www.hltv.org/stats/teams/4608/natus-vincere,https://www.hltv.org/stats/teams/6667/faze,19.0,0.4642857142857143,-0.0357142857142857,U,C
405,3255509,2024-10-31,0 days,MAPS 1-2 Headshots,iM,Natus Vincere,FaZe,14.5,168933.0,139.0,https://www.hltv.org/stats/players/14759/im,https://www.hltv.org/stats/teams/4608/natus-vincere,https://www.hltv.org/stats/teams/6667/faze,5.0,0.3392857142857143,-0.1607142857142857,U,W
406,3255510,2024-10-31,0 days,MAPS 1-2 Headshots,jL,Natus Vincere,FaZe,18.0,168885.0,139.0,https://www.hltv.org/stats/players/19206/jl,https://www.hltv.org/stats/teams/4608/natus-vincere,https://www.hltv.org/stats/teams/6667/faze,19.0,0.44642857142857145,-0.05357142857142855,U,C
407,3255511,2024-10-31,0 days,MAPS 1-2 Headshots,w0nderful,Natus Vincere,FaZe,11.5,168359.0,139.0,https://www.hltv.org/stats/players/20127/w0nderful,https://www.hltv.org/stats/teams/4608/natus-vincere,https://www.hltv.org/stats/teams/6667/faze,10.0,0.5714285714285714,0.0714285714285714,O,C
408,3255512,2024-10-31,0 days,MAPS 1-2 Kills,cadiaN,Astralis,MOUZ,26.5,214178.0,24180.0,https://www.hltv.org/stats/players/7964/cadian,https://www.hltv.org/stats/teams/6665/astralis,https://www.hltv.org/stats/teams/4494/mouz,21.0,0.5116279069767442,0.011627906976744207,O,C
409,3255513,2024-10-31,0 days,MAPS 1-2 Kills,Staehr,Astralis,MOUZ,27.5,168368.0,24180.0,https://www.hltv.org/stats/players/20304/staehr,https://www.hltv.org/stats/teams/6665/astralis,https://www.hltv.org/stats/teams/4494/mouz,37.0,0.5,0.0,N,C
410,3255514,2024-10-31,0 days,MAPS 1-2 Kills,device,Astralis,MOUZ,28.0,169237.0,24180.0,https://www.hltv.org/stats/players/7592/device,https://www.hltv.org/stats/teams/6665/astralis,https://www.hltv.org/stats/teams/4494/mouz,39.0,0.6086956521739131,0.10869565217391308,O,W
411,3255515,2024-10-31,0 days,MAPS 1-2 Kills,stavn,Astralis,MOUZ,30.0,168958.0,24180.0,https://www.hltv.org/stats/players/10994/stavn,https://www.hltv.org/stats/teams/6665/astralis,https://www.hltv.org/stats/teams/4494/mouz,27.0,0.5217391304347826,0.021739130434782594,O,C
412,3255516,2024-10-31,0 days,MAPS 1-2 Kills,jabbi,Astralis,MOUZ,29.5,169105.0,24180.0,https://www.hltv.org/stats/players/17956/jabbi,https://www.hltv.org/stats/teams/6665/astralis,https://www.hltv.org/stats/teams/4494/mouz,36.0,0.4782608695652174,-0.021739130434782594,U,C
413,3255517,2024-10-31,0 days,MAPS 1-2 Kills,Jimpphat,MOUZ,Astralis,30.5,167713.0,140.0,https://www.hltv.org/stats/players/18850/jimpphat,https://www.hltv.org/stats/teams/4494/mouz,https://www.hltv.org/stats/teams/6665/astralis,21.0,0.52,0.020000000000000018,O,C
414,3255518,2024-10-31,0 days,MAPS 1-2 Kills,xertioN,MOUZ,Astralis,31.5,167979.0,140.0,https://www.hltv.org/stats/players/20312/xertion,https://www.hltv.org/stats/teams/4494/mouz,https://www.hltv.org/stats/teams/6665/astralis,29.0,0.5,0.0,N,C
415,3255519,2024-10-31,0 days,MAPS 1-2 Kills,siuhy,MOUZ,Astralis,25.5,,140.0,https://www.hltv.org/stats/players/16820/siuhy,https://www.hltv.org/stats/teams/4494/mouz,https://www.hltv.org/stats/teams/6665/astralis,22.0,0.56,0.06000000000000005,O,C
416,3255520,2024-10-31,0 days,MAPS 1-2 Kills,Brollan,MOUZ,Astralis,28.5,169218.0,140.0,https://www.hltv.org/stats/players/13666/brollan,https://www.hltv.org/stats/teams/4494/mouz,https://www.hltv.org/stats/teams/6665/astralis,24.0,0.52,0.020000000000000018,O,C
417,3255521,2024-10-31,0 days,MAPS 1-2 Kills,torzsi,MOUZ,Astralis,31.5,169001.0,140.0,https://www.hltv.org/stats/players/18072/torzsi,https://www.hltv.org/stats/teams/4494/mouz,https://www.hltv.org/stats/teams/6665/astralis,23.0,0.44,-0.06,U,W
418,3255523,2024-10-31,0 days,MAPS 1-2 Headshots,Staehr,Astralis,MOUZ,14.0,168368.0,24180.0,https://www.hltv.org/stats/players/20304/staehr,https://www.hltv.org/stats/teams/6665/astralis,https://www.hltv.org/stats/teams/4494/mouz,21.0,0.6086956521739131,0.10869565217391308,O,W
419,3255524,2024-10-31,0 days,MAPS 1-2 Headshots,device,Astralis,MOUZ,9.5,169237.0,24180.0,https://www.hltv.org/stats/players/7592/device,https://www.hltv.org/stats/teams/6665/astralis,https://www.hltv.org/stats/teams/4494/mouz,10.0,0.5217391304347826,0.021739130434782594,O,C
420,3255525,2024-10-31,0 days,MAPS 1-2 Headshots,stavn,Astralis,MOUZ,14.0,168958.0,24180.0,https://www.hltv.org/stats/players/10994/stavn,https://www.hltv.org/stats/teams/6665/astralis,https://www.hltv.org/stats/teams/4494/mouz,15.0,0.5869565217391305,0.08695652173913049,O,W
421,3255526,2024-10-31,0 days,MAPS 1-2 Headshots,jabbi,Astralis,MOUZ,18.5,169105.0,24180.0,https://www.hltv.org/stats/players/17956/jabbi,https://www.hltv.org/stats/teams/6665/astralis,https://www.hltv.org/stats/teams/4494/mouz,21.0,0.5217391304347826,0.021739130434782594,O,C
422,3255527,2024-10-31,0 days,MAPS 1-2 Headshots,Jimpphat,MOUZ,Astralis,15.5,167713.0,140.0,https://www.hltv.org/stats/players/18850/jimpphat,https://www.hltv.org/stats/teams/4494/mouz,https://www.hltv.org/stats/teams/6665/astralis,14.0,0.52,0.020000000000000018,O,C
423,3255528,2024-10-31,0 days,MAPS 1-2 Headshots,xertioN,MOUZ,Astralis,16.5,167979.0,140.0,https://www.hltv.org/stats/players/20312/xertion,https://www.hltv.org/stats/teams/4494/mouz,https://www.hltv.org/stats/teams/6665/astralis,22.0,0.5,0.0,N,C
424,3255529,2024-10-31,0 days,MAPS 1-2 Headshots,siuhy,MOUZ,Astralis,13.0,,140.0,https://www.hltv.org/stats/players/16820/siuhy,https://www.hltv.org/stats/teams/4494/mouz,https://www.hltv.org/stats/teams/6665/astralis,12.0,0.6,0.09999999999999998,O,C
425,3255530,2024-10-31,0 days,MAPS 1-2 Headshots,Brollan,MOUZ,Astralis,15.0,169218.0,140.0,https://www.hltv.org/stats/players/13666/brollan,https://www.hltv.org/stats/teams/4494/mouz,https://www.hltv.org/stats/teams/6665/astralis,14.0,0.5,0.0,N,C
426,3255531,2024-10-31,0 days,MAPS 1-2 Headshots,torzsi,MOUZ,Astralis,11.0,169001.0,140.0,https://www.hltv.org/stats/players/18072/torzsi,https://www.hltv.org/stats/teams/4494/mouz,https://www.hltv.org/stats/teams/6665/astralis,14.0,0.5,0.0,N,C
427,3255532,2024-10-31,0 days,MAPS 1-2 Kills,Snax,G2,Spirit,21.0,202915.0,9.0,https://www.hltv.org/stats/players/2553/snax,https://www.hltv.org/stats/teams/5995/g2,https://www.hltv.org/stats/teams/7020/spirit,25.0,0.6440677966101694,0.14406779661016944,O,W
428,3255533,2024-10-31,0 days,MAPS 1-2 Kills,malbsMd,G2,Spirit,31.0,202914.0,9.0,https://www.hltv.org/stats/players/11617/malbsmd,https://www.hltv.org/stats/teams/5995/g2,https://www.hltv.org/stats/teams/7020/spirit,38.0,0.6071428571428571,0.1071428571428571,O,W
429,3255534,2024-10-31,0 days,MAPS 1-2 Kills,NiKo,G2,Spirit,31.5,224429.0,9.0,https://www.hltv.org/stats/players/3741/niko,https://www.hltv.org/stats/teams/5995/g2,https://www.hltv.org/stats/teams/7020/spirit,32.0,0.5166666666666667,0.01666666666666672,O,C
430,3255535,2024-10-31,0 days,MAPS 1-2 Kills,m0NESY,G2,Spirit,34.5,168733.0,9.0,https://www.hltv.org/stats/players/19230/m0nesy,https://www.hltv.org/stats/teams/5995/g2,https://www.hltv.org/stats/teams/7020/spirit,42.0,0.4915254237288136,-0.008474576271186418,U,C
431,3255536,2024-10-31,0 days,MAPS 1-2 Kills,huNter-,G2,Spirit,28.5,169211.0,9.0,https://www.hltv.org/stats/players/3972/hunter,https://www.hltv.org/stats/teams/5995/g2,https://www.hltv.org/stats/teams/7020/spirit,40.0,0.48333333333333334,-0.016666666666666663,U,C
432,3255537,2024-10-31,0 days,MAPS 1-2 Kills,chopper,Spirit,G2,24.0,169134.0,23732.0,https://www.hltv.org/stats/players/7716/chopper,https://www.hltv.org/stats/teams/7020/spirit,https://www.hltv.org/stats/teams/5995/g2,27.0,0.5510204081632653,0.05102040816326525,O,W
433,3255538,2024-10-31,0 days,MAPS 1-2 Kills,magixx,Spirit,G2,24.5,169131.0,23732.0,https://www.hltv.org/stats/players/18317/magixx,https://www.hltv.org/stats/teams/7020/spirit,https://www.hltv.org/stats/teams/5995/g2,20.0,0.574468085106383,0.07446808510638303,O,C
434,3255539,2024-10-31,0 days,MAPS 1-2 Kills,donk,Spirit,G2,37.5,168417.0,23732.0,https://www.hltv.org/stats/players/21167/donk,https://www.hltv.org/stats/teams/7020/spirit,https://www.hltv.org/stats/teams/5995/g2,51.0,0.5319148936170213,0.03191489361702127,O,C
435,3255540,2024-10-31,0 days,MAPS 1-2 Kills,zont1x,Spirit,G2,28.0,168418.0,23732.0,https://www.hltv.org/stats/players/20423/zont1x,https://www.hltv.org/stats/teams/7020/spirit,https://www.hltv.org/stats/teams/5995/g2,33.0,0.5102040816326531,0.010204081632653073,O,C
436,3255541,2024-10-31,0 days,MAPS 1-2 Kills,sh1ro,Spirit,G2,32.5,169078.0,23732.0,https://www.hltv.org/stats/players/16920/sh1ro,https://www.hltv.org/stats/teams/7020/spirit,https://www.hltv.org/stats/teams/5995/g2,40.0,0.4489795918367347,-0.05102040816326531,U,C
437,3255542,2024-10-31,0 days,MAPS 1-2 Headshots,Snax,G2,Spirit,11.0,202915.0,9.0,https://www.hltv.org/stats/players/2553/snax,https://www.hltv.org/stats/teams/5995/g2,https://www.hltv.org/stats/teams/7020/spirit,11.0,0.6440677966101694,0.14406779661016944,O,C
438,3255543,2024-10-31,0 days,MAPS 1-2 Headshots,malbsMd,G2,Spirit,20.0,202914.0,9.0,https://www.hltv.org/stats/players/11617/malbsmd,https://www.hltv.org/stats/teams/5995/g2,https://www.hltv.org/stats/teams/7020/spirit,28.0,0.6428571428571429,0.1428571428571429,O,W
439,3255544,2024-10-31,0 days,MAPS 1-2 Headshots,NiKo,G2,Spirit,17.5,224429.0,9.0,https://www.hltv.org/stats/players/3741/niko,https://www.hltv.org/stats/teams/5995/g2,https://www.hltv.org/stats/teams/7020/spirit,17.0,0.5166666666666667,0.01666666666666672,O,C
440,3255545,2024-10-31,0 days,MAPS 1-2 Headshots,m0NESY,G2,Spirit,14.0,168733.0,9.0,https://www.hltv.org/stats/players/19230/m0nesy,https://www.hltv.org/stats/teams/5995/g2,https://www.hltv.org/stats/teams/7020/spirit,15.0,0.5084745762711864,0.008474576271186418,O,C
441,3255546,2024-10-31,0 days,MAPS 1-2 Headshots,huNter-,G2,Spirit,14.0,169211.0,9.0,https://www.hltv.org/stats/players/3972/hunter,https://www.hltv.org/stats/teams/5995/g2,https://www.hltv.org/stats/teams/7020/spirit,17.0,0.5833333333333334,0.08333333333333337,O,W
442,3255547,2024-10-31,0 days,MAPS 1-2 Headshots,chopper,Spirit,G2,13.5,169134.0,23732.0,https://www.hltv.org/stats/players/7716/chopper,https://www.hltv.org/stats/teams/7020/spirit,https://www.hltv.org/stats/teams/5995/g2,13.0,0.5306122448979592,0.030612244897959218,O,C
443,3255548,2024-10-31,0 days,MAPS 1-2 Headshots,magixx,Spirit,G2,13.0,169131.0,23732.0,https://www.hltv.org/stats/players/18317/magixx,https://www.hltv.org/stats/teams/7020/spirit,https://www.hltv.org/stats/teams/5995/g2,8.0,0.48936170212765956,-0.010638297872340441,U,C
444,3255549,2024-10-31,0 days,MAPS 1-2 Headshots,donk,Spirit,G2,22.5,168417.0,23732.0,https://www.hltv.org/stats/players/21167/donk,https://www.hltv.org/stats/teams/7020/spirit,https://www.hltv.org/stats/teams/5995/g2,38.0,0.48936170212765956,-0.010638297872340441,U,C
445,3255550,2024-10-31,0 days,MAPS 1-2 Headshots,zont1x,Spirit,G2,11.0,168418.0,23732.0,https://www.hltv.org/stats/players/20423/zont1x,https://www.hltv.org/stats/teams/7020/spirit,https://www.hltv.org/stats/teams/5995/g2,17.0,0.3673469387755102,-0.13265306122448978,U,C
446,3255551,2024-10-31,0 days,MAPS 1-2 Headshots,sh1ro,Spirit,G2,12.0,169078.0,23732.0,https://www.hltv.org/stats/players/16920/sh1ro,https://www.hltv.org/stats/teams/7020/spirit,https://www.hltv.org/stats/teams/5995/g2,12.0,0.5102040816326531,0.010204081632653073,O,C
447,3255552,2024-10-31,0 days,MAPS 3 Kills,broky,FaZe,Natus Vincere,15.5,169219.0,24331.0,https://www.hltv.org/stats/players/18053/broky,https://www.hltv.org/stats/teams/6667/faze,https://www.hltv.org/stats/teams/4608/natus-vincere,11.0,0.48148148148148145,-0.018518518518518545,U,C
448,3255553,2024-10-31,0 days,MAPS 3 Kills,rain,FaZe,Natus Vincere,13.5,169302.0,24331.0,https://www.hltv.org/stats/players/8183/rain,https://www.hltv.org/stats/teams/6667/faze,https://www.hltv.org/stats/teams/4608/natus-vincere,14.0,0.6296296296296297,0.12962962962962965,O,W
449,3255554,2024-10-31,0 days,MAPS 3 Kills,karrigan,FaZe,Natus Vincere,12.0,169209.0,24331.0,https://www.hltv.org/stats/players/429/karrigan,https://www.hltv.org/stats/teams/6667/faze,https://www.hltv.org/stats/teams/4608/natus-vincere,14.0,0.4444444444444444,-0.05555555555555558,U,C
450,3255555,2024-10-31,0 days,MAPS 3 Kills,frozen,FaZe,Natus Vincere,15.0,169207.0,24331.0,https://www.hltv.org/stats/players/9960/frozen,https://www.hltv.org/stats/teams/6667/faze,https://www.hltv.org/stats/teams/4608/natus-vincere,20.0,0.5714285714285714,0.0714285714285714,O,W
451,3255556,2024-10-31,0 days,MAPS 3 Kills,ropz,FaZe,Natus Vincere,16.0,224433.0,24331.0,https://www.hltv.org/stats/players/11816/ropz,https://www.hltv.org/stats/teams/6667/faze,https://www.hltv.org/stats/teams/4608/natus-vincere,20.0,0.4444444444444444,-0.05555555555555558,U,C
452,3255557,2024-10-31,0 days,MAPS 3 Kills,Aleksib,Natus Vincere,FaZe,11.5,169144.0,139.0,https://www.hltv.org/stats/players/9816/aleksib,https://www.hltv.org/stats/teams/4608/natus-vincere,https://www.hltv.org/stats/teams/6667/faze,13.0,0.5,0.0,N,C
453,3255558,2024-10-31,0 days,MAPS 3 Kills,b1t,Natus Vincere,FaZe,16.0,168868.0,139.0,https://www.hltv.org/stats/players/18987/b1t,https://www.hltv.org/stats/teams/4608/natus-vincere,https://www.hltv.org/stats/teams/6667/faze,15.0,0.5,0.0,N,C
454,3255559,2024-10-31,0 days,MAPS 3 Kills,iM,Natus Vincere,FaZe,15.5,168933.0,139.0,https://www.hltv.org/stats/players/14759/im,https://www.hltv.org/stats/teams/4608/natus-vincere,https://www.hltv.org/stats/teams/6667/faze,11.0,0.5384615384615384,0.038461538461538436,O,C
455,3255560,2024-10-31,0 days,MAPS 3 Kills,jL,Natus Vincere,FaZe,16.0,168885.0,139.0,https://www.hltv.org/stats/players/19206/jl,https://www.hltv.org/stats/teams/4608/natus-vincere,https://www.hltv.org/stats/teams/6667/faze,8.0,0.5,0.0,N,C
456,3255561,2024-10-31,0 days,MAPS 3 Kills,w0nderful,Natus Vincere,FaZe,15.5,168359.0,139.0,https://www.hltv.org/stats/players/20127/w0nderful,https://www.hltv.org/stats/teams/4608/natus-vincere,https://www.hltv.org/stats/teams/6667/faze,11.0,0.38461538461538464,-0.11538461538461536,U,W
457,3255562,2024-10-31,0 days,MAPS 3 Headshots,broky,FaZe,Natus Vincere,5.5,169219.0,24331.0,https://www.hltv.org/stats/players/18053/broky,https://www.hltv.org/stats/teams/6667/faze,https://www.hltv.org/stats/teams/4608/natus-vincere,3.0,0.5555555555555556,0.05555555555555558,O,C
458,3255563,2024-10-31,0 days,MAPS 3 Headshots,rain,FaZe,Natus Vincere,8.0,169302.0,24331.0,https://www.hltv.org/stats/players/8183/rain,https://www.hltv.org/stats/teams/6667/faze,https://www.hltv.org/stats/teams/4608/natus-vincere,8.0,0.7037037037037037,0.20370370370370372,O,C
459,3255564,2024-10-31,0 days,MAPS 3 Headshots,karrigan,FaZe,Natus Vincere,6.0,169209.0,24331.0,https://www.hltv.org/stats/players/429/karrigan,https://www.hltv.org/stats/teams/6667/faze,https://www.hltv.org/stats/teams/4608/natus-vincere,5.0,0.6666666666666666,0.16666666666666663,O,C
460,3255565,2024-10-31,0 days,MAPS 3 Headshots,frozen,FaZe,Natus Vincere,8.5,169207.0,24331.0,https://www.hltv.org/stats/players/9960/frozen,https://www.hltv.org/stats/teams/6667/faze,https://www.hltv.org/stats/teams/4608/natus-vincere,10.0,0.42857142857142855,-0.07142857142857145,U,C
461,3255566,2024-10-31,0 days,MAPS 3 Headshots,ropz,FaZe,Natus Vincere,8.5,224433.0,24331.0,https://www.hltv.org/stats/players/11816/ropz,https://www.hltv.org/stats/teams/6667/faze,https://www.hltv.org/stats/teams/4608/natus-vincere,8.0,0.4444444444444444,-0.05555555555555558,U,W
462,3255567,2024-10-31,0 days,MAPS 3 Headshots,Aleksib,Natus Vincere,FaZe,5.0,169144.0,139.0,https://www.hltv.org/stats/players/9816/aleksib,https://www.hltv.org/stats/teams/4608/natus-vincere,https://www.hltv.org/stats/teams/6667/faze,7.0,0.5,0.0,N,C
463,3255568,2024-10-31,0 days,MAPS 3 Headshots,b1t,Natus Vincere,FaZe,10.5,168868.0,139.0,https://www.hltv.org/stats/players/18987/b1t,https://www.hltv.org/stats/teams/4608/natus-vincere,https://www.hltv.org/stats/teams/6667/faze,9.0,0.38461538461538464,-0.11538461538461536,U,W
464,3255569,2024-10-31,0 days,MAPS 3 Headshots,iM,Natus Vincere,FaZe,7.0,168933.0,139.0,https://www.hltv.org/stats/players/14759/im,https://www.hltv.org/stats/teams/4608/natus-vincere,https://www.hltv.org/stats/teams/6667/faze,5.0,0.6153846153846154,0.11538461538461542,O,C
465,3255570,2024-10-31,0 days,MAPS 3 Headshots,jL,Natus Vincere,FaZe,9.0,168885.0,139.0,https://www.hltv.org/stats/players/19206/jl,https://www.hltv.org/stats/teams/4608/natus-vincere,https://www.hltv.org/stats/teams/6667/faze,7.0,0.5384615384615384,0.038461538461538436,O,C
466,3255571,2024-10-31,0 days,MAPS 3 Headshots,w0nderful,Natus Vincere,FaZe,5.5,168359.0,139.0,https://www.hltv.org/stats/players/20127/w0nderful,https://www.hltv.org/stats/teams/4608/natus-vincere,https://www.hltv.org/stats/teams/6667/faze,5.0,0.4230769230769231,-0.07692307692307693,U,W
